Date,Time,MW,MVAR,RPM,"HP inner Cylinder outer Temp, Local(¡C)","IP Cylinder outer wall Temp,Local(¡C)","Thrust Pad Temp, T2(¡C)","Thrust Pad Temp, T3(¡C)","Thrust Pad Temp, T4(¡C)","Surge Pad Temp,S2(¡C)",LP shaft expn(mm),HP Diff(mm),IP Diff(mm),GV1,GV2,GV3,GV4,Axial shift A(mm),Axial shift B(mm),Axial shift C(mm),"HP inner Cylinder inner Temp,max(¡C)","IP Cylinder inner wall Temp,max(¡C)","Thrust Pad Temp, T1(¡C)","Surge Pad Temp,S1(¡C)",MOP Suction pr(kg/cm_),MOP Discharge pr(kg/cm_),Lube oil pr(kg/cm_),HP Cylinder Expansion(Left)(mm),HP Cylinder Expansion(Right)(mm),IP Cylinder Expansion(Left)(mm),IP Cylinder Expansion(Right)(mm),FRF Temperature(¡C),FRF Pressure(kg/cm_),Lub Oil Temperature after cooler(¡C),Drain 2,Drain 3,Drain 4,Drain 5,Drain 6,Drain 7,Drain 8,Drain 9,Drain 1,Main Steam Pressure,Main Steam Temperature,Main Steam Flow(ton/hr),Vacuum(absolute)(mm),Hot Reheat pr.(kg/cm_),Hot Reheat Temp.(¡C),Feed Flow(ton/hr),Final Feed Temp.(¡C),ESV Inlet pr.(kg/cm_),ESV Inlet Temp.(¡C),CRH Pressure,CRH Temperature,HRH Pressure,HRH Temperature,First Stage pr.(kg/cm_),HP exhaust Temp.(¡C),Gland steam pr.(kg/cm_),HP Gland Steam Temp.(¡C),LP Gland Steam Temp.(¡C),CW I/L Temp.(¡C),CW O/L Temp.(¡C),HPH-7 pr.(kg/cm_),HPH-7 Temp.(¡C),HP6 Pressure,HP6 Temperature,DA Pressure,DA Temperature,LP4 Pressure,LP4 Temperature,LP3 Pressure,LP3 Temperature,LPH-2 pr.(kg/cm_),LPH-2 Temp.(¡C),LPH-1 pr.(kg/cm_),LPH-1 Temp.(¡C),METAL TEMP 1,METAL TEMP 2,METAL TEMP 3,METAL TEMP 4,METAL TEMP 5,METAL TEMP 6,METAL TEMP 7,METAL TEMP 8,METAL TEMP 9,PR 1,PR 2,PR 3,PR 4,PR 5,PR 6,PR 7,PR 8,PR 9,HOUSING VIB 1,HOUSING VIB 2,HOUSING VIB 3,HOUSING VIB 4,HOUSING VIB 5,HOUSING VIB 6,HOUSING VIB 7,HOUSING VIB 8,HOUSING VIB 9,SHAFT VIB X 1,SHAFT VIB X 2,SHAFT VIB X 3,SHAFT VIB X 4,SHAFT VIB X 5,SHAFT VIB X 6,SHAFT VIB X 7,SHAFT VIB X 8,SHAFT VIB X 9,SHAFT VIB Y 1,SHAFT VIB Y 2,SHAFT VIB Y 3,SHAFT VIB Y 4,SHAFT VIB Y 5,SHAFT VIB Y 6,SHAFT VIB Y 7,SHAFT VIB Y 8,SHAFT VIB Y 9,Stator Ampere(Amp),Stator Voltage(kv),Rotor ampere(Amp),Rotor Voltage(Volt),Rotor Temp.(¡C),Slip Ring Temp.(¡C),Core E-Plate Temp(¡C),Back Of Core Temp.(¡C),Stator Tooth Temp.(¡C),Core Behind Slot Temp.(¡C),Hot Gas Temp.(¡C),Cold Gas Temp.(¡C),Hydrogen Purity(%),Humidity(%),Hydrogen pr.(kg/cm_),Conductor Temp.(¡C),Stator Coolant I/L Temp.(¡C),Stator Coolant O/L Temp.(¡C),Stator Coolant I/L pr. (DCS)(kg/cm_),Conductance(mho),Seal Oil pr.(kg/cm_),Seal Oil Temp.(¡C),Seal Metal Temp-Steam End(¡C),Seal Metal Temp-Exciter End(¡C),Stator Coolant pr.at generator inlet (Local)(kg/cm_),Generator Shaft Voltage(V),Seal Oil H2 DP(kg/cm_),HIGHEST CONDUCTOR (WINDING) TEMPERATURE AT SLOT NO(¡C),Last Month Hydrogen consumption()
02/09/24,17:33,259,82.3,3008,327.8,,56.54,59.19,56.74,58.25,-4.27,-2.66,1.49,95,98,94,95,-0.063,-0.056,-0.084,487,538,54.21,,3.8,16.1,1.18,38.12,37.63,19.3,14.56,50,77,45.3,52.8,59.8,62.2,64.7,65.2,65.3,67.6,53.6,53.6,149,535,817,79,37.1,546,784,300,146,509,36.1,359,36.1,541,123,359,0.21,277,200,33.6,43.6,40.3,356,15.4,447,7.48,338,4.37,261,1.54,202,0.9,105,-0.54,80.3,69.6,64.2,74.2,90.7,74.4,92,92.2,90.3,62.2,50,40,50,60,15,70,60,50,,0.84,0.43,0.54,0.9,0.56,2.08,5.42,4.79,,62,27,53.8,21.2,48.4,52.1,65.8,49.7,,28,24,33.7,17.2,47.2,60.4,57.3,52.5,,9994,15.8,2005,301,45,39.5,83.7,39.7,60.8,61,63.4,46.7,99.1,-28,1.96,62.7,46.6,60.47,3.4,0,2.72,45.4,63,67,1.85,,0.71,19,37
03/08/24,16:08,251,48.9,3003,399.9,,57.02,59.42,57.05,58.76,-3.94,-2.75,1.54,95,98,94,95,-0.076,-0.068,-0.096,474,495,54.73,,3.8,16.5,1.17,37.76,37.17,18.06,18.72,50,78,45.4,52.8,59.7,61.5,64.7,65.1,65.3,67.3,53.4,53.3,148,532,811,90,36.1,522,780,298,144,511,35.4,356,35.4,521,122,356,0.17,272,177,33.2,46.6,39.6,352,14.9,426,7.21,321,4.18,246,1.43,186,0.86,101,-0.55,79.4,69.2,63.1,73.3,90.6,75.5,89.2,92.2,90.1,62.2,38,22,50,70,10,70,58,50,,0.76,0.4,0.45,0.6,0.91,2.43,5.34,4.63,,62,24.7,39.5,19.7,48.2,52.4,62.5,49.3,,28.7,26.5,26.6,17.2,48.2,62.2,54.9,54.2,,,15.9,1819,277,45.3,40.5,81.6,40.9,60.4,61.5,61.5,46.6,99.2,-36,1.89,59.8,45.1,57.22,3.31,0,2.65,45.2,62,67,1.85,,0.69,19,34
10/07/24,10:54,243,74.8,3006,314,,56.77,59.17,56.77,58.42,-3.4,-2.8,1.76,95,98,94,94,-0.07,-0.067,-0.096,480,515,54.22,,3.8,16.1,1.18,37,37,19,18.4,51,78,45.4,52.8,59.5,61.4,65.5,65.1,65.3,67.5,53.2,53.2,144,527,796,78,35.3,524,783,296,141,504,34.6,352,34.6,515,119,352,0.18,265,192,33.7,43.4,38.4,349,14.3,420,6.68,316,4.17,242,1.44,182,0.86,100,-0.58,78.4,68.8,63.4,72.9,91.1,78.4,89.1,92.2,89.8,61.6,40,25,58,52,20,70,58,50,,0.76,0.48,0.58,0.81,0.9,2.09,5.41,4.74,,60.3,25.5,43.4,22,46.5,51.4,63.2,49.7,,27.7,23.8,26.8,16.3,45,61.7,55.9,52.6,,9484,16.1,1899,287,44.6,41.6,77.96,40.4,58.8,58.8,61.3,46.5,99.2,-37,1.89,59.2,45.4,57.5,3.33,0,2.62,45.4,63,67,1.65,,0.61,19,36
03/06/24,12:09,250,90.3,3005,486,524,56.78,59.48,56.49,59.01,-3.9,-2.9,1.47,94,98,95,94,-0.078,-0.065,-0.095,486,524,54.59,,3.9,16,1.17,37.6,37.3,19.1,18,51,78,45.3,52.8,59.7,61.4,64.6,65.1,65.3,67.6,53.4,53.5,145,534,800,76,35.4,527,767,297,142,509,34.6,358,34.6,526,120,358,0.19,268,181,32.9,42.3,38.7,355,14.6,431,6.68,326,3.78,253,1.03,191,0.48,102,-55,78.9,70.3,63.8,74.1,90.2,74.8,88.9,92.2,89.7,61.9,50,38,50,72,10,70,60,50,,0.8,0.32,0.61,1.06,0.64,2.38,5.37,4.51,,72.7,29.1,47.6,24.6,48,48.5,61.8,49.5,,34,37.9,39.8,25.5,46.5,56.7,55.3,53.1,,9690,15.9,1998,304,46.3,41.7,80.5,40.8,59.3,59.4,62.8,46.5,99.3,-45,1.92,60.2,45,59.3,3.25,0,2.74,45.4,63,62,1.85,,0.6912,66.26,34
03/05/24,11:54,251,52.2,3007,348,,56.78,59.48,56.98,58.51,-3.5,-2.8,1.81,93,98,95,94,-0.055,-0.045,-0.078,397,518,54.98,,3.8,16.1,1.17,38.3,37.9,19.4,18.5,52,78,45.4,52.8,60.2,62.5,65.5,65.3,65.6,68.6,54.1,53.6,144,538,793,66,35.2,535,812,301,141,442,34.5,361,34.5,529,119,361,0.17,260,195,30.5,39.8,38.6,358,14.7,432,7.05,326,4.05,253,1.35,190,0.8,101,-0.55,77.9,68.7,63.4,73.2,91.8,77.1,88.9,92.5,90,62,50,38,50,78,10,70,60,58,,0.83,0.49,0.58,0.74,0.95,1.56,5.42,4.73,,61.3,23.1,38.7,19.8,45.9,50.1,63.9,51.3,,28.7,23.4,24.2,15.3,44.1,59.2,57.2,54.3,,9292,16,1825,270,42.7,43.7,80.4,41.1,60,60.9,61.4,46.5,99.3,-52,1.88,59.4,45.1,56.87,3.22,0,2.7,45.4,62,67,1.75,,0.79,59.4,34
02/04/24,9:38,250,46.7,3009,346.5,,56.76,59.67,56.98,58.48,-3.5,-2.9,1.73,,97.6,98.8,43.1,-0.07,-0.055,-0.084,484,519,54.98,,3.9,16.1,1.16,37.8,37.5,19,18.1,51,71,45.3,52.8,60,62.4,65.1,65.2,65.7,68.6,53.9,53.7,145,530,802,74,35.1,525,800,298,142,514,34.4,354,34.4,518,118,354,0.17,319,179,31.5,41.3,38,351,14.4,422,7.01,319,4.08,248,1.4,185,0.84,100,-420,78.8,70.4,65.9,73.6,91.3,76.6,88.9,92.3,90.1,61.6,42,28,50,75,10,70,60,50,,0.61,0.52,0.44,0.49,1.25,1.64,5.1,4.46,,58.1,29.9,34.3,15.7,40.1,40.9,60,48.9,,30.7,26.4,23.3,15,39.7,52.1,54.1,51.4,,9172,15.9,1792,268,43.2,44.5,79.9,40.8,59.6,60.5,60.7,46.3,99.3,-58,1.93,59.3,45.3,57.46,2.93,0,2.7,45.3,68,62,1.75,,0.72,59.59,39
02/03/24,9:05,251,65.4,3001,344,,56.21,59.17,56.17,58.22,-4.6,-3.1,1.28,92,28,95,44,-0.107,-0.099,-0.125,493,540,54.17,,3.9,16,1.15,38.2,37.8,19.3,18.1,52,71,45.4,52.8,59.2,60.4,63.8,64,65.5,67.4,53.3,53.3,146,539,804,75,35.8,556,792,301,142,515,35.1,362,35.1,544,119,362,0.16,284,186,28.2,42.1,38.6,358,14.7,447,7.14,340,4.14,268,1.41,204,0.83,105,-0.56,78.5,73.2,67.9,73.8,89.8,73.3,88.8,92.4,89.8,62.3,42,30,45,105,5,70,60,50,,0.57,0.52,0.52,0.97,1.03,1.71,4.87,4.89,,53,38.8,48.4,11.2,39.8,40,61.9,50.6,,29,32,33.3,9.61,43.4,48.4,54.9,55,,9604,15.8,1904,294,46.3,42.9,80.6,45.3,61.8,63.6,62.4,44.3,99.4,-58,1.95,62.1,45.1,48,2.98,0,2.66,45.5,68,63,1.75,,62,62.11,36
06/02/24,10:00,258,30.9,3015,342.3,,56.21,59.17,56.2,58.22,-4.5,-3.3,1.17,93,98,93,78,-0.107,-0.099,-0.125,487,516,54.06,,3.9,16.1,1.16,37.5,36.9,18.6,17.6,46,72,45.4,52.7,59.1,60.1,63.6,64.8,65.3,67,53.2,52.8,150,536,825,76,36.5,526,805,295,147,513,35.8,357,35.8,518,123,357,0.17,325,192,29,42.7,39.3,353,15,422,7.26,318,4.22,318,1.44,185,0.85,101,-0.55,79,71.3,64.1,73.5,88.6,73.4,89,92.2,90.1,62.3,50,35,45,95,15,70,60,50,,0.52,0.49,0.46,0.71,1.08,1.78,4.82,4.43,,53.3,35.6,39.8,12.3,42.7,42.1,62,49.5,,28.7,28.3,24.8,10.7,48.9,48.9,54.7,51.8,,9556,15.7,1780,270,46.1,41,80.6,47.5,64.4,68.7,62,44,99.4,-55,1.93,0,45.2,58.27,2.94,0,2.67,44.4,60,67,1.75,,0.65,61.48,43
05/12/23,9:28,260,64.4,3006,,,55.61,59.56,55.96,58.21,-4.5,-3.2,1.28,95,98,95,93,-0.094,-0.081,-0.107,480,539,53.91,,3.9,16,1.16,38,37,18.8,17.5,48,74,45.3,52.7,59.1,61.5,64.4,65,65.3,67.8,53.5,53.3,148,534,819,74,36.8,550,798,301,145,517,36.1,357,36.1,546,122,357,0.2,312,191,27.6,41.9,39.6,354,15.2,448,7.38,341,4.29,269,1.48,204,0.86,106,0.55,79.4,71,66.2,74.4,90.3,74,88.8,92.3,89.8,61.6,42,30,45,105,5,70,60,50,,0.5,0.46,0.44,0.88,1.12,1.94,4.82,4.88,,55.3,44.8,60.6,14.2,43.6,43.8,64.8,51.1,,29.6,36.7,44,11.5,44.6,49.9,56.1,55.3,,9910,15.7,1930,294,45.9,40.4,83.7,43,61.1,62.6,63,46.7,99.3,-31,1.96,61.6,45.2,48,2.92,0,2.67,45.6,63,68,1.75,,0.61,61.54,40
03/11/23,8:55,252,49.8,3007,352,,55.35,58.56,55.42,57.92,-3.9,-2.8,1.65,97,98,95,46,-0.087,-0.067,-0.094,488,542,53.65,87.03,3.7,16,1.17,38.7,37.5,19.3,18,51,74,45.3,52.8,59.9,62.1,64.3,65.1,65.8,68,53.7,53.4,144,537,793,69,35.8,551,748,296,142,512,35.1,360,35.1,542,119,360,0.17,295,176,31.1,40.2,38.6,356,14.8,444,7.17,337,4.17,267,1.44,200,0.84,104,0.55,78.7,70,63.7,72.4,91.8,73.7,88.9,92.5,90.1,61.5,40,25,50,120,10,70,65,50,,0.67,0.48,0.44,0.64,1.18,2,4.87,4.6,,53,33.8,38.6,18.2,46.4,39.7,65.5,47.6,,27.9,27.5,26.3,13.9,45.5,48.2,58.4,52.6,,9608,15.7,1846,277,43.8,40.4,82.1,45.4,61.4,63.6,61.7,45.7,99.2,-25,1.91,60.5,45,47,2.94,0,2.71,45.3,63,68,1.75,,0.72,60.55,
10/10/23,9:43,243,51.4,3008,352,295.1,55.59,58.56,55.95,57.67,-3.4,-2.8,1.82,95,98,95,94,-0.073,-0.055,-0.083,489,530,53.92,,3.7,16,1.19,38.8,37.8,19.3,17.9,50,74,45.3,52.8,59.8,62.8,65.2,65.2,65.7,67.9,53.5,53.2,140,534,774,76,34.5,539,748,296,137,515,33.6,358,33.6,530,115,358,0.19,291,175,33.7,42.2,37,355,14.1,432,6.8,328,3.92,260,1.3,194,0.79,102,-438,77.9,67.8,63.8,72.7,91.9,77.2,89,92.3,90.1,61.8,40,25,50,120,10,70,65,50,,0.76,0.49,0.47,0.28,1.29,1.83,5,4.42,,56.1,34,36.6,20.8,43,42.5,64.1,48.5,,27.8,27.6,25.6,17.2,40.8,52.1,57.1,52.1,,8941,16,1788,267,43.5,39.8,76.1,39.4,58.4,58.3,59.2,45.1,99.1,-24,1.93,58.6,45.1,56.95,3,0,2.69,45.4,62,66,1.75,,0.68,58.55,
06/09/23,9:48,250,40.1,3006,351.6,297,55.65,58.84,55.98,58.2,-3.5,-2.8,1.74,98,98,96,95,-0.081,-0.063,-0.091,489,534,53.65,,3.8,16,1.2,38.8,37.6,19.6,19.5,50,72,45.4,52.8,59.5,62.5,64.9,65.2,65.7,68.2,53.9,53.3,141,537,775,80,34.8,543,748,296,138,516,34.1,360,34.1,533,116,360,0.2,291,174,34.4,43.2,37.4,356,14.4,435,6.96,331,4.04,263,1.38,196,0.83,103,-421,78.9,68.7,64,72.5,91.7,76.2,89.2,92.3,90.2,61.8,40,28,50,110,10,70,65,50,,0.71,0.46,0.5,0.33,1.21,1.8,4.99,4.38,,55.8,35.2,36.2,19.1,42.9,42.2,64.2,47.9,,28.1,27.6,24.1,16,40.6,53,56.7,51.6,,9162,15.8,1761,262,42.7,36.6,80.8,40.7,60.2,61.5,60.8,46.4,99.1,-23,1.89,60,45.3,57.64,3.01,0,2.6,45.4,62,76,1.65,,0.64,59.97,38
09/08/23,11:24,240,62.3,3011,,,57.45,54.61,59.16,56.62,-3.7,-2.4,1.69,100,100,45,1,-0.016,0.0021,-0.027,490,536,54.43,,,,1.2,39.1,38.1,19.6,17.9,51,77,45.3,52.9,59.3,62.8,65.1,65.2,65.7,67.9,53.8,53.5,147,543,715,78,35.3,546,689,277,144,511,34.6,364,34.6,535,108,364,0.21,299,174,34,42.6,38.1,399,14.2,431,6.99,331,4.01,262,1.34,196,0.8,103,0.56,77.9,70.9,69,72.9,91.8,76.9,89.2,92.4,90.2,61.6,40,25,50,105,12,70,62,50,,0.77,0.48,0.43,0.47,1.35,1.92,4.93,4.54,,56.5,29.4,29,20.6,45.2,40.3,64.3,49.3,,27.3,25.4,20.7,17.6,43.1,49.9,56.5,53.6,,9108,15.9,1831,275,44.6,39.5,77.7,40.4,59.3,59.2,61,46.4,99.2,-26,1.87,59.5,44.8,57.5,3.02,0,2.61,45.4,62,67,1.75,,0.66,59.62,36
07/07/23,9:32,251,50.3,2999,345,291,55.65,59.63,55.9,57.49,-3.2,-2.81,1.76,97,100,100,94,-0.082,-0.065,-0.094,485,520,53.88,81.99,3.9,16,1.17,38.4,37,19.7,17.7,50,77,45.4,52.8,59.2,62.3,65,65,65.6,67.6,53.8,53.1,147,533,807,78,36,52.8,790,293,144,512,35.3,358,35.3,519,121,358,0.2,294,173,33.2,42.2,39.1,352,14.8,421,7.17,318,4.17,252,1.44,184,0.86,101,-414,79.2,68.8,65.1,72.7,91,78,89.1,92.3,90.3,61.8,40,25,50,105,12,70,62,50,,0.76,0.46,0.48,0.52,1.65,2.28,5.01,4.59,,52.4,34.6,31.9,23.6,47.4,42.1,64.2,48.7,,28.1,28,22,19.7,43.4,50.8,56.2,54.1,,9453,15.9,1832,272,44,39.4,81.4,40.7,60.3,61.4,61.5,46.5,99.2,-25,1.89,60.3,45.1,58.09,2.98,0,2.68,45.4,62,68,1.75,,0.68,59.95,33
05/06/23,11:50,251,76.7,3010,346.6,301,56.16,59.11,56.71,58.45,-3,-2.8,1.82,98,100,100,78,-0.071,-0.054,-0.087,485,518,54.39,,3.7,17,1.18,38.4,37.4,19.7,17.5,44,77,45.2,52.9,59.4,62.9,65.6,65.2,65.7,68.2,54,53.5,146,533,804,83,35.7,528,775,293,143,515,35,355,35,517,120,355,0.17,293,173,34.2,43.3,38.4,351,14.8,420,7.13,318,4.14,251,1.42,184,0.85,101,-0.54,79.1,68,64.9,72.5,90.9,79.2,89.3,92.3,90.4,61.3,42,32,48,125,10,70,62,50,,0.78,0.47,0.5,0.41,1.46,1.83,5.13,4.56,,59.7,33.6,35.2,24.6,45.6,41.8,66.4,50.5,,28.6,26.2,25,20.1,42.2,51.2,57.6,54.3,,9565,16,1931,259,44.6,41.8,80.7,40.1,59.9,60.1,62.3,46.6,99.2,-24,1.9,60.9,45.2,58.73,3.05,0,2.63,45.5,61,68,1.85,,0.66,60.91,33
07/05/23,11:10,250,32.7,3001,340,261,56.67,59.65,57.13,58.71,-3.3,-2.8,1.6,98,98,96,52,-0.086,-0.064,-0.098,484,506,54.65,67.66,3.9,16,1.17,37.7,37,19.2,17.3,45,76,45.4,52.9,59.5,62.6,64.6,65.1,65.6,68,54,53.6,148,534,810,77,35.6,50.6,786,294,145,513,34.9,356,34.9,505,121,356,0.2,297,173,32.8,41.8,39,352,14.7,409,7.09,308,4.11,242,1.4,177,0.84,100,-0.55,78.9,69.4,64.9,72.3,90.4,75.7,89.1,92.2,90.2,61.52,42,25,52,105,12,70,65,50,,0.79,0.48,0.53,0.46,1.57,2.48,4.97,4.61,,56.4,32.4,34.9,24.1,48.7,40.2,64.1,49.7,,29.1,26.8,26.3,18.4,44.3,47.9,56.1,54,,9242,15.9,1755,259,42.5,42.7,81.5,44.5,62,63.7,61.2,47.5,99.2,-26,1.91,59.7,45.3,48,2.97,0,2.7,45.4,63,62,1.75,,0.71,59.71,31
03/04/23,9:58,250,36.4,3010,347,292,56.13,59.11,56.48,58.44,-3.8,-3.3,1.23,98,98,96,47,-0.097,-0.077,-0.108,490,522,54.65,78.86,3.9,16,1.15,37.2,36.4,19.1,17.1,50,74,45.4,52.9,58.6,62,64.7,65.1,65.7,67.7,53.9,53.3,148,542,805,82,36.2,540,787,299,145,520,35.4,362,35.4,533,120,362,0.19,307,177,30.2,43.4,39.2,358,14.9,435,7.15,329,4.12,261,1.38,194,0.82,102,-423,78.4,70.9,67.7,74.2,90,75.1,89,92.2,90.1,61.6,42,35,40,130,5,70,65,50,,0.55,0.53,0.43,0.68,1.24,1.82,4.76,4.63,,56.6,45.5,62.3,21.2,44.9,42.9,65,48.3,,31.3,36.9,47.3,16.2,43.7,49.2,56.6,52.5,,9439,15.7,1782,268,45.1,44,80.6,54.3,65,69.1,61.3,44.1,99.2,-25,1.92,60.5,45,57.5,2.9,0,2.62,45.4,64,68,1.8,,0.7,60.33,35
08/02/23,10:49,252,35.4,3002,311.8,261,56.41,59.63,56.63,58.71,-4,-3.2,1.2,98,98,81,14,-0.119,-0.097,-0.129,478,521,55.1,56.71,3.6,16,1.17,36.9,35.9,18.9,17.2,49,74,45.4,52.8,58.3,60.5,64.1,64.8,65.5,66.9,53,52.9,148,532,816,80,36.1,540,795,292,145,506,35.4,355,35.4,533,120,355,0.19,304,176,28.8,41.9,38.9,351,14.9,434,6.89,328,3.95,262,1.29,194,0.78,102,0.56,78.5,72.7,69.4,74.2,87.7,75.3,89,92.2,90,60.4,40,20,52,105,12,70,68,50,,0.49,0.55,0.44,0.8,1.55,2.15,4.85,4.66,,51.3,45.9,58.8,18.3,48.9,39.1,67.8,45.7,,29.9,37.1,44.2,13.2,47.8,46.4,59.6,52.8,,9524,15.6,1795,274,47.7,44.2,85.7,33.7,57.5,59,62.1,53.6,99.2,-32,1.95,56.5,44.9,57.39,3.22,0,2.73,44.6,63,63,1.85,,0.65,54.3,38
04/02/23,4:24,250,53.8,3012,336.6,275,55.32,58.73,55.67,57.9,-3.5,-2.8,1.62,100,100,97,63,-0.085,-0.068,-0.105,483,508,54.65,55.67,3.8,16,1.17,37.7,36.8,19.2,17.3,51,74,45.3,52.9,59.2,62.1,64.6,65.2,65.9,69.1,54.1,53.6,146,535,811,69,35.7,516,762,290,143,511,35,356,35,510,121,356,0.2,298,176,30.3,39.1,38.7,353,14.7,413,7.09,311,4.11,245,1.39,177,0.83,100,-0.56,78.5,71.4,65.5,72.3,90.1,74.8,89.1,92.7,90.5,61.1,45,35,50,110,10,70,65,50,,0.63,0.47,0.51,0.81,1.73,2.51,5.03,4.52,,51.4,36.4,33.1,22.2,46.2,39.4,66.4,47.8,,27.4,28.6,24.6,16.5,44.1,46.7,58.1,52.4,,9619,15.6,1849,274,42.1,47.3,81.4,44.9,60.6,63.1,61.5,45.8,99.2,-28,1.9,59.6,45,,3.19,0,2.68,44.9,61,65,1.85,,0.7,59.84,33
09/01/23,9:15,254,5.09,3010,340.3,279,55.34,58.83,55.86,58.18,-4.3,-3.2,1.23,97,98,96,65,-0.136,-0.117,-0.152,484,390,55.41,56.4,3.6,16.25,1.16,37.7,36.6,18.7,17.3,51,76,45.8,52.8,59.1,62.7,63.8,64.5,65.1,67.5,53.5,53,147,530,818,64,36.1,522,807,295,144,507,35.4,353,35.4,517,121,353,0.21,317,178,24.1,37.6,38.9,349,14.8,420,7.17,319,4.15,249,1.4,185,0.81,100,0.57,78.2,73.3,68.1,74.2,89.1,74.4,89.3,92.4,90.3,60.7,42,32,48,140,5,70,68,50,,0.5,0.48,0.51,0.9,1.85,2.88,4.77,4.27,,47.3,35.7,39.3,21,46.4,36.7,66.2,46.8,,27.7,31.1,31.6,16.5,49.1,43.5,58.9,51.3,,9603,15.5,1699,256,46.8,45.4,84.4,43,61.5,64.4,61.3,,99.2,-30,1.97,59.4,44.7,,3.19,0,2.84,47,61,66,1.85,,0.62,59.49,110
06/09/22,10:55,250,46.9,3008,365,415,58.32,62.66,,52.66,-4.2,-3,2.27,97,97,7,89,0.0053,-0.017,-0.03,493,533,49.23,55.04,3.8,16.25,1.13,33.4,33.2,12.2,14.4,50,73,48.1,55.3,63.8,64.2,68.6,67.2,67.5,70.9,55.2,55.5,144,535,798,82,35.5,536,776,299,142,540,34.8,358,34.8,536,119,358,0.16,324,259,33.4,42.5,39,355,14.8,442,6.89,335,3.99,262,1.32,197,0.79,104,0.57,79,68.7,74.3,71.7,88,85.1,91.7,91.1,89.3,59.2,42,42,40,100,25,70,68,55,,0.62,0.49,1.5,4.08,2.66,3.96,3.79,3.84,,99.9,61.6,95.6,26.4,65.8,48.6,67,49.9,,46.6,45.8,78.9,25.4,57.4,58.5,46.2,59.6,,9525,15.6,1819,272,42.5,39.6,81.8,40.4,59.2,61.4,60.9,43.1,98.6,-20,1.94,60.3,45.4,58.4,3.33,0,2.52,1.13,72,64,1.8,,0.55,60.35,33
16/08/22,10:45,138,20.5,2999,340,253,58.1,61.27,,51.09,-1.8,-2.4,2.29,42,42,-80,-100,0,0.0145,-0.021,420,440,48.32,53.04,3.8,16.25,1.14,28,27.3,10.6,10.9,50,73,46.5,54,58.3,62.2,67.6,65.7,66.2,69.4,53.8,53.4,145,511,476,71,19.8,437,453,267,144,518,19.3,300,19.3,441,67.8,300,0.2,305,207,31.9,38.4,21.6,322,7.99,357,3.61,261,1.95,197,0.39,137,0.42,86.4,-0.683,191,68.6,71,70.6,85.9,87.3,90.8,90.5,88.4,58.7,40,35,38,105,22,70,68,55,,0.76,0.65,1.2,3.89,4.31,4.88,3.5,3.86,,121,52.7,88.2,21,66.7,37.1,61.9,47.7,,80.3,50.5,83.8,22.5,48.7,54.5,45,58.5,,5201,15.8,1223,177,38.4,37.5,56.4,43.1,54.1,51.1,53.5,42.4,98.7,-25,1.86,51.3,45,49.13,3.25,0,2.47,45.3,73,65,1.75,,0.56,19,33
13/07/22,18:34,228,19,3000,332,265,56.94,61.28,58.61,53.01,-3.2,-3.5,1.84,98,98,98,93,-0.022,-0.042,-0.059,488,497,48.11,53.53,3.8,16,1.14,30.5,30.1,10.8,11.7,50,73,47.1,54,61.2,62.6,67.3,66,66.5,69.8,54.5,54.2,132,539,728,73,31.6,510,710,295,130,545,31,362,31,508,109,362,0.17,309,241,32.8,43.8,34.8,358,13.1,416,5.85,313,3.28,242,0.8,178,0.38,98,-0.605,76.4,68.8,74,70.7,86.7,84.9,91.2,91.3,89.1,59,50,48,35,110,22,70,68,55,,0.51,0.75,1.1,3.33,4.57,5.2,3.66,3.87,,110,59.8,102,26.7,60.2,44.9,62.3,51,,58.5,48.6,76.7,22,49.8,58.9,44.8,60.1,,8215,15.9,1577,231,41,36.9,73.9,44.1,58.7,60.1,57.8,42.1,98.6,-20,1.89,56.3,45.2,54.75,3.27,0,2.46,45.4,60,65,1.75,,0.55,19,30
06/06/22,4:15,250,37,3004,341.6,247,57.56,61.89,59.37,52.31,-3.4,-3.4,1.86,98,98,97,44,-0.011,-0.018,-0.065,483,518,47.63,54.04,3.8,16.1,1.13,31.6,31.2,11.2,12.6,50,71,47.4,54.7,61.6,63.2,67.7,66.5,66.9,70,54.4,55.2,146,534,802,85,35.4,532,784,296,143,540,34.7,356,34.7,531,119,356,0.18,320,240,34.3,43.7,38.7,353,14.7,437,7.13,330,4.16,258,1.43,193,0.85,102,-0.557,79.3,71.4,74.9,71.5,87.2,84.5,91.3,91,89.1,58.9,49,48,40,95,25,70,68,55,,0.63,0.8,0.9,3.21,4.38,4.92,3.61,4.1,,124,56.6,101,21.2,63.2,44,62.6,54.7,,78.7,48.4,79.4,25.1,51.1,56.9,44.9,64.8,,8909,16.5,1759,263,43.4,41.9,79.8,40.3,61.4,61.6,61.1,43.2,98.8,-23,1.89,59.6,45.5,57.12,3.33,0,2.49,45.3,60,65,1.75,,0.57,19,34
10/05/22,10:15,249,35.3,3004,336,266,56.33,60.3,56.03,51.29,-3.7,-3.3,1.98,98,98,98,27,-0.013,-0.015,-0.051,485,517,46.97,52.83,3.8,16,1.14,31.9,31.5,11.5,12.8,50,71,46,53.4,60.9,62.2,66.6,65.4,65.8,69.2,53.8,54.1,147,535,795,61.4,35.5,524,769,300,145,541,34.8,357,34.8,526,120,357,0.17,278,253,32.9,42.1,38.7,353,14.4,435,7.1,328,4.12,256,1.39,192,0.82,102,-0.574,78.8,70.2,73.7,70.8,86.6,83.5,90.5,90.5,88.3,58,32,30,38,105,22,70,70,55,,0.6,0.74,0.98,3.49,4.25,4.96,3.62,4.18,,120,54.4,101,21.3,62,44,62.4,53.1,,80.2,47.1,79.7,24.5,51.1,56.8,45,64,,9025,16.2,1758,259,42.7,41,80.4,39.9,60.2,61,60.6,42.7,98.9,-24,1.96,59.3,45.4,56.38,3.3,0,2.54,45.4,60,64,1.8,,0.55,19,23
05/04/22,10:13,250,19.1,3000,353,279,56.02,59.42,56.19,50.14,-3.7,-3,2.27,97,97,97,32,-0.022,-0.01,-0.037,483,518,47.34,51.94,3.8,16,1.13,33.3,33.8,12.1,14.6,48,72,45.4,52.8,61.9,61.8,65.7,64.7,65.1,68.1,52.3,53.4,147,538,784,78,35,538,746,296,145,543,34.4,358,34.4,532,118,358,0.18,280,229,32.1,41.3,38.4,354,14.9,439,7.25,331,4.21,260,1.2,194,0.74,102,-0.598,77.8,70.2,73.1,70.6,86.5,83.4,90.4,89.8,87.8,57.1,48,45,40,105,22,70,68,55,,0.59,0.53,1.38,4.57,2.89,4.2,3.71,3.96,,107,56.6,91.9,22.4,72.7,48.3,67.3,50.3,,64.5,43.2,81.1,28.4,60.6,58,46.2,60.6,,9048,16.1,1692,249,43.5,41.5,81.4,40.7,61.1,62.5,60.2,43.2,98.9,-23,1.93,59,44.8,56.45,3.23,0,2.52,45.3,60,64,1.75,,0.55,3,35
02/03/22,12:39,251,40.9,3007,342,249,56.94,61.13,56.62,51.73,-4.7,-3.2,1.81,97,97,97,30,-0.019,-0.018,-0.077,491,523,48.93,53.34,3.8,16.25,1.13,33,33.3,12,13.8,49,74,46.7,54,62,63,66.7,65.7,66.3,69.4,53.7,54.7,146,535,793,66,35.1,524,734,299,143,540,34.5,356,34.5,524,118,356,0.17,325,250,28.2,37.3,38.4,352,14.6,433,7.05,328,4.11,254,1.4,190,0.83,102,-0.587,78.4,71.9,74.1,71.4,87.2,82.4,90.5,90.7,88.4,58.4,42,38,38,108,18,68,70,55,,0.59,0.51,1.47,4.32,2.3,3.78,3.94,3.93,,117,50.1,90.1,20.1,70,46.9,66.7,50.7,,77,43.1,79.2,29.8,61.1,55.8,46.1,58.9,,9218,16,1787,265,43.6,44.7,80,43.1,60.9,62.8,61.1,42.1,99,-31,1.96,59.3,44.9,56.7,3.21,0,2.55,45.3,60,64,1.85,,0.56,19,32
07/02/22,12:02,245,19.3,3011,342,249,55.55,59.57,54.76,50.47,-4.5,-3.3,1.73,97,96,97,23,-0.019,-0.052,-0.073,488,522,47.85,52.49,3.8,16.25,1.12,32.8,32.7,11.9,13.6,49,71,45.4,52.8,60.6,61.6,65.2,64.7,65.2,68.2,52.6,52.7,146,539,773,66,34,530,754,296,143,545,33.7,360,33.7,528,115,360,0.19,315,237,24.9,37.5,37.5,355,14.4,435,6.58,328,3.84,257,1.3,192,0.87,101,-0.602,77.6,69.7,73.4,70.3,85.6,80.8,89.5,89.8,87.1,57.5,42,38,38,108,18,68,70,55,,0.41,0.67,1.39,4.3,3.56,5.04,3.77,4.16,,112,57.3,95.4,26.4,65.5,40.3,65.9,46.7,,68.2,47.6,78.6,25.1,63.9,50,47.6,58.2,,9086,15.9,1680,249,43.9,41.8,79.8,42.7,60,62.2,61,43.6,99,-36,1.88,58.9,45,56.1,3.22,0,2.45,45.4,59,63,1.85,,,19,37
06/01/22,10:35,232,17.3,3009,351,246,54.94,59.11,54.14,50.67,-3.9,-3.7,1.63,98.2,98,99.2,41.2,-0.069,-0.07,-0.08,489,509,46.95,52.17,3.8,16,1.13,31.6,31.6,11,12.6,51,71,45.5,52.6,59.6,60.9,64.8,64.3,64.9,67.7,52.2,52.2,137,540,757,78,32.6,518,735,297,135,545,32.1,362,32.1,521,112,362,0.18,329,222,26.5,39.1,36,358,13.6,427,6.48,322,3.6,251,0.91,187,0.61,98.9,-0.629,76.2,67.7,72.2,70,84.9,81.3,89.6,90.1,87.1,57.7,50,50,32,110,18,63,70,55,,0.39,0.73,1.27,4.01,4.03,4.85,4.01,4.24,,130,54,99.4,27.4,58.9,43.7,62.1,43,,89.3,48.8,78.3,21.1,56.9,57.3,47.9,59.4,,8644,15.7,1622,245,44.5,42.6,76.7,44.2,59,60.6,59.5,42.9,99,-35,1.9,57.5,45.2,55.54,3.2,0,2.5,45,61,65,1.75,,0.56,19,38
12/11/21,9:40,253,9.2,3000,345.2,245,55.39,59.26,54.76,50.53,-3.5,-3.6,1.79,98,97,98,29,-0.022,-0.034,-0.065,487,513,46.55,51.16,3.9,16,1.16,30.8,30.3,11,12.1,52,74,45.3,52.7,59.5,61.6,65.6,64.7,65.2,68.2,52.8,53.1,148,539,818,75,36,537,769,299,145,545,35.3,357,35.3,530,121,357,0.18,302,251,28.2,41.2,38.7,353,14.9,437,7.1,330,4.18,257,1.42,193,,102,-0.575,78.1,71.1,73.3,69.8,85.4,82.3,90,90.4,87.5,57.9,50,52,35,115,18,68,70,55,,0.49,0.54,0.86,3.96,2.69,4.14,3.6,3.91,,127,57.4,100,22.4,69.7,44.8,70.5,46.8,,87.2,50.5,85.8,26,58.2,59.8,45.7,61.1,,9477,15.7,1653,247,43.8,43.3,84.2,41.9,61.5,64.6,60.7,44.4,98.8,-27,1.93,59.3,45,57.63,2.95,0,2.53,45.3,59,73,1.75,,0.56,19,35
05/10/21,10:48,250,28.2,3003,347,410,56.81,60.65,64.57,51.42,-4.1,-2.9,2.41,70,70,70,70,-0.026,-0.011,-0.058,482,536,47.37,53.66,3.8,16,1.15,33.8,33.8,12.2,14.7,49,72,46.8,54.1,62.7,63.3,67.6,66.2,66.5,69.8,54.5,54.3,144,535,799,76,36,549,773,297,141,541,34.8,357,34.8,542,117,357,0.2,296,258,33.8,41.4,38,358,14.7,446,7.13,338,4.16,266,1.42,199,0.83,104,-0.573,78.3,66.8,71.5,70.2,87.4,84.5,91,90.9,88.4,58.5,40,30,40,100,20,70,70,50,,0.36,0.39,1.2,4.37,2.61,4.34,3.4,3.82,,96.6,64.5,92,22.4,76.4,50.8,68.3,50.8,,46.1,46.5,80.5,29.1,62.3,57.2,42.1,62.5,,9221,16,1748,260,43.3,43,81.3,40.2,60.4,62.3,60.3,42.9,98.8,-22,1.89,59.4,45,57.31,3.03,0,2.51,45.3,59,64,1.7,,0.58,19,34
02/09/21,10:06,250,86.5,3000,355.9,411,56.32,60.49,56.03,51.42,-4.2,-3.2,2.22,98,97,98,90,-0.029,-0.023,-0.054,489,533,47.67,53.56,3.8,16,1.15,33.4,33.3,12.1,14.3,50,71,46.5,53.8,62.4,62.9,67,65.9,66.3,69.2,54.1,54.3,144,540,792,76,36,541,775,299,141,546,34.8,360,34.8,536,119,360,0.17,329,261,33.7,41.1,38.1,356,14.8,442,7.12,335,4.13,262,1.4,197,0.82,104,-0.577,78,69,72.2,70.8,86.7,83,90.9,90.7,88.6,58.3,40,32,38,112,20,70,68,55,,0.52,0.52,1.04,3.98,3.2,4.51,3.72,4.47,,105,58.7,94.4,20.2,75.3,49.7,70.6,55.5,,54.7,47.4,78.8,29.7,60.3,55.4,45.3,70.1,,9436,16.4,1991,304,45.8,41.8,79.8,40,60.6,59.8,63.5,43.8,98.8,-22,1.92,60.9,45.2,58.56,3.06,0,2.54,45.2,59,64,,,0.59,60.88,38
03/08/21,10:12,253,19.8,3006,353,413,55.86,59.57,55.55,50.52,-3.9,-3.1,2.37,98,97,98,62,-0.012,-0.004,-0.047,482,532,47.7,52.67,3.8,16,1.13,33.5,33.3,12,14.6,50,71,45.6,53.1,61.5,62.2,66.5,65.2,65.6,68.8,53.4,53.8,147,532,793,80,359,550,763,298,144,538,35.2,357,35.2,536,119,357,0.18,330,260,32.6,41.9,39.2,353,14.9,442,7.17,335,4.15,262,1.4,196,0.82,103,-0.57,78,69.4,72.3,70.1,86.5,83.8,90.6,90.4,88.2,57.9,45,45,38,105,20,70,118,55,,0.51,0.53,1.39,4.05,3.18,4.43,3.67,3.72,,126,44.8,89.4,20.6,72.2,48,67.5,52.5,,78.8,45.2,79.5,30.1,59.9,55.3,43,63.2,,9302,15.8,1713,255,43,40.5,83.9,40.6,61.3,63.5,61.3,43.3,98.8,-22,1.92,60.6,45.3,,2.99,0,2.55,45.3,59,64,1.75,,0.59,60.42,35
05/07/21,10:39,249,58.3,3009,351,413,56,60.19,55.58,50.91,-4.2,-3.1,2.11,95,97,96,25,-0.029,-0.001,-0.068,487,532,46.68,53.27,3.9,16,1.15,33.1,32.7,12.1,13.9,50,71,46,53.5,61.1,62.6,66.6,65.6,66,69.1,54,54.2,149,532,796,65,35.8,535,784,296,147,538,35.3,354,35.3,537,119,354,0.2,326,254,33.8,43.2,38.5,350,14.9,443,7.23,336,4.22,263,1.45,198,0.84,104,-0.56,78.6,70.7,73.2,70.7,86.5,82.6,90.9,90.6,88.5,58.1,40,35,40,110,20,70,68,55,,0.53,0.68,1.14,3.78,3.71,4.76,3.71,4.03,,121,50.1,94.3,23.3,68.6,47.1,71.5,52.3,,74.6,46.7,79.2,26.1,56.7,55.8,46.4,64.3,,9527,15.9,1877,284,44.5,40.6,82.1,40.1,60.1,61.4,62,43.3,98.7,-14,1.9,60.8,45.1,58.33,3.1,0,2.5,45.3,60,64,1.75,,0.57,60.73,34
01/06/21,15:02,250,23.1,3012,323,375,58.94,63.58,58.56,53.68,-3.9,-3.2,2.06,96,97,97,62,-0.047,-0.04,-0.07,488,510,48.57,56.06,3.9,16,1.14,32.5,31.8,11.8,13.2,50,71,49.2,56.4,63.6,64.9,69.6,68.2,68.5,71.3,56.2,56.3,148,533,820,87,36.2,515,784,295,145,539,35.6,353,35.6,514,122,353,0.18,325,252,34.8,44.4,38.8,349,15.1,421,7.27,316,4.26,245,1.47,180,0.86,101,-0.54,79,69.4,74.2,72.3,88.1,85.3,92.5,92.3,90,60.5,40,30,40,95,28,70,68,55,,0.38,0.51,1.52,4.48,2.87,4.19,3.69,3.83,,110,52.2,88.5,23,73.7,49.2,71.5,52.9,,59,45.7,77.6,29.3,62,58.6,45,63.7,,9419,15.7,1745,259,42.9,42.8,83.3,40.3,60.6,63.2,60.8,43.1,98.6,-12,1.93,60.2,45,58.07,3.11,0,2.66,45.3,60,64,1.78,,0.58,19,35
07/05/21,12:06,251,49.9,2999,484,523,56.98,61.27,56.83,51.73,-3.67,-3.05,2.45,95,97,97,25,-0.018,-0.019,-0.062,484,523,47.86,53.97,3.7,15.9,1.15,33.43,33.41,12.35,12.2,50,71,47,54.4,61.5,63.1,67.8,66.3,66.7,69.6,54.3,54.7,150,530,807,78,36.2,533,762,292,147,536,35.5,,35.5,527,120,,0.18,322,256,32.7,42.2,38.7,347,15,433,7.26,327,4.25,255,1.46,189,0.85,102,-0.562,79.1,70.8,73.7,71.3,87,85.3,91,91.2,88.6,58.7,45,45,39,100,25,70,70,55,,0.43,0.58,1.57,4.64,3.23,4.72,3.87,3.96,,117,43.8,87.1,23.2,74.6,47.8,69.3,54.1,,72.9,43.8,80.9,28.1,60.6,57.7,45.1,64.9,,9404,15.9,1779,268,43.2,41.1,82.1,40.5,60.4,62.4,60.9,43.1,98.7,-17,1.93,59.8,44.9,57.5,3.08,0,2.57,45.3,61,60,1.8,,,,
06/04/21,10:46,251,41.4,3009,487,506,55.71,59.88,55.23,50.77,-3.6,-3.1,2.33,95,97,97,34,-0.053,-0.023,-0.055,483,518,46.78,52.86,3.9,16,1.14,33.3,33,12.3,,49,71,45.7,53.1,60.6,62.1,66.5,65.3,65.6,68.6,53.1,53.7,148,530,808,74,36.2,519,776,291,145,536,35.5,352,35.5,521,120,352,0.19,328,260,31.7,41,38.5,349,15,427,7.26,322,4.24,250,1.47,185,0.86,101,-0.563,79,69.1,72.4,70.1,86.4,83.9,90.3,90.4,87.9,57.5,40,40,35,100,20,70,70,55,,0.42,0.54,1.68,4.43,3.29,4.64,3.59,3.69,,117,43.9,86.9,20,75.1,46.1,73.4,53.3,,68.6,43.7,82.2,28.4,62.1,54.9,44.4,62.2,,9213,16.3,1804,272,44.6,41,79.6,44.7,61.5,63.4,61.1,42.5,98.9,-22,1.92,59.1,45.5,56.72,3.22,0,2.51,45.3,59,64,1.75,,0.55,19,37
05/03/21,8:52,250,25.5,3010,490,478,54.77,58.8,54.88,50.04,-4.1,-3.5,1.7,95,96,79,13,-0.045,-0.045,-0.071,489,525,46.77,52.48,3.7,15.5,1.15,32.2,31.4,15.5,16.5,50,74,45.4,52.7,60.1,61.4,65.4,64.6,65.2,67.8,52.9,53.2,149,535,796,85,35.5,539,753,296,147,541,34.8,355,34.8,537,119,355,0.17,325,250,29.9,43.3,38.4,352,14.7,444,7.07,335,4.1,263,1.37,198,0.81,104,-0.583,77.7,69.8,72.7,69.6,85.4,80.9,90.2,90.2,87.4,57.1,42,50,32,110,15,70,70,55,,0.67,0.99,1.06,3.02,5.04,5.27,3.45,3.93,,122,51.8,99.7,24.5,60.1,42.4,68,51.6,,84.4,51.1,79.5,25.9,52.4,52.1,42.9,60,,9287,15.7,1733,263,45.6,42.7,81.2,46.9,61.9,65.1,60.7,42.3,98.7,-22,1.94,59.3,45.1,56.94,3.2,0,2.55,45.3,60,64,1.75,,0.58,19,32
04/01/21,10:07,251,16.3,3000,489,485,55.09,59.57,54.93,50.52,-5.65,-3.4,1.73,95,95,98,85,-0.061,-0.061,-0.109,482,519,46.3,52.39,3.8,15.5,1.16,32.9,32.4,16,16,50,74,45.4,53,60,61,,65,65,68,53,53,146,535,808,81,36,534,779,296,143,539,35.2,355,35.2,529,120,355,0.19,318,248,25.8,43,38.5,350,15,437,7.17,328,4.16,256,1.4,192,0.81,102,-0.586,77.9,65.9,70.8,69.8,84.8,80.5,89.8,90,87,56.9,38,32,30,118,15,70,70,55,,0.42,0.71,0.74,2.83,3.71,4.13,3.05,3.87,,71,75.5,103,30.8,61.1,49.7,59.4,54.5,,33,49.1,72.3,24.2,68.3,58.2,39,59.2,,9401,15.7,1723,263,46.6,43.7,82.6,44.3,61.5,64.9,61.1,42.4,98.5,-11,1.93,59.8,45.2,57.37,2.97,0,2.54,45.9,60,65,1.75,,0.57,19,114
05/10/20,10:59,250,22.7,3007,350,420,55.25,58.5,55.94,56.99,-3.4,-3.3,2.58,100,98,96,36,-0.006,-0.017,0.0127,491,532,54.96,,3.6,15.75,1.05,33.7,33.8,12.3,14.6,50,73,45.9,53.8,59.9,63.4,65.5,65.6,66,69.3,53.6,53.9,148,541,774,84,35.6,538,760,297,145,547,34.5,361,34.5,533,116,361,0.16,365,211,33.6,43.2,37.9,357,14.8,443,7.16,334,4.18,260,1.45,196,0.85,104,-0.561,78.9,69.2,71.8,74.9,87,82.6,90.7,90.7,88.5,57.1,45,50,40,120,18,70,70,58,,0.64,0.53,1.81,4.04,2.73,3.29,3.49,3.96,,84.2,54.3,93.7,30.3,65.6,51.7,64,47.9,,28.5,40.3,84.5,20.3,59.4,61.6,46.1,63,,9295,15.6,1715,252,41.7,37.6,83.1,40.4,60.4,62.7,61.3,43.4,98.3,-11,1.94,60.3,45.5,57.43,3.32,0,2.56,45.3,63,64,1.75,,0.61,59.5,30
04/09/20,11:24,250,28.7,2998,351,422,54.94,57.88,55.31,57.06,-4.2,-3.2,2.4,100,97,96,86,-0.019,-0.01,-0.002,480,510,54.65,,3.6,15.75,1.03,33.2,33.1,12.2,14.2,50,72,45.5,53.5,59.8,63.3,65.2,65.4,65.7,69,53.1,53.3,145,533,796,85,36.3,554,769,295,142,539,35,357,35,541,120,357,0.17,362,250,33.6,43.3,38.8,353,15,450,7.22,340,4.21,266,1.45,201,0.84,105,-0.565,78.8,68.5,70.7,74.7,86.3,80.5,90.7,90.4,88.5,56.8,40,40,60,128,18,70,68,58,,0.61,0.71,0.58,2.28,3.27,3.15,3.23,3.86,,90.4,58.5,103,28.1,64.7,52.6,60.5,53.5,,34.3,43.4,77.6,26.8,58.5,62.8,44.5,63.5,,9143,16.2,1752,260,42.2,38,81.6,40.1,60.9,62.5,60.6,43,98.2,-10,1.94,59.5,45.1,56.72,3.31,0,2.58,45.5,59,64,1.75,,0.62,59.48,32
03/08/20,10:08,250,23.6,3008,335,406,55.27,58.32,55.85,57.25,-2.8,-3.1,2.74,100,98,97,52,-0.004,-0.012,-0.0004,488,514,55.1,,3.6,15.5,1.04,33.6,33.6,12.2,14.2,51,71,45.8,53.8,59.9,63.4,66.4,65.7,65.9,69.6,53.6,53.9,145,538,799,89,36,524,722,296,142,544,34.7,358,34.7,516,120,358,0.17,370,202,34.7,44.4,38.2,354,14.9,426,7.16,320,4.19,248,1.45,182,0.86,101,0.52,79,69.1,70.5,74.7,86.8,84.4,90.9,90.5,88.9,56.9,41,52,40,120,20,70,68,4.05,,0.26,0.56,1.6,4.23,2.87,3.43,3.26,4.05,,90,50.8,91.7,26.7,70.3,47,60.2,48.7,,33.2,39.1,85.9,21.4,61.3,5707,45.4,63.5,,9019,16.1,1714,253,42.2,41.1,81.5,41.7,61.4,62.9,61.7,44.3,98.1,-11,1.95,59.7,45.8,57.24,3.3,0,2.54,45.4,63,64,1.75,,0.59,59.65,
14/07/20,11:16,248,26.3,2994,336,388,55.86,58.8,56.23,57.88,-2.5,-2.9,2.63,100,97,96,98,-0.023,-0.039,-0.008,369,492,55.57,,3.6,15.5,1.04,32.1,31.2,11.7,12.8,51,71,46.4,54.2,58.3,63.5,66.7,65.9,66.1,69.5,53.7,53.4,150,512,838,90,36.8,504,806,288,147,518,35.8,337,35.8,498,124,337,0.2,324,209,34.1,44,39.9,334,15.3,405,7.34,302,4.29,231,1.47,168,0.87,102,-0.53,79.4,70.8,70.1,75.3,86.7,85,91.1,90.5,88.7,57.5,40,52,40,120,20,70,68,55,,0.47,0.57,0.81,4.15,2.65,3.42,3.05,4.11,,72.7,56.5,93.9,21.8,71.5,44.3,62.7,52.2,,26.8,41.2,84,21.3,59.5,58.7,44.9,65.4,,9054,16.2,1740,260,42.8,37.3,81.8,40,61.3,62.6,60.8,43.1,97.9,-10,1.92,59.5,45.3,56.83,3.28,0,2.54,45.4,62,63,1.75,,0.6,59.41,
25/06/20,15:19,254,42.1,3003,355,415,54.94,57.53,55.33,56.93,-3.2,-3.2,2.58,100,97,95,98,-0.014,-0.029,-0.012,484,512,54.59,,3.6,15.5,1.02,33,32.6,11.9,13.5,50,73,45.4,53.4,58.7,63.3,66,65.2,65.3,68.9,53,53.1,150,536,833,94,36.6,516,797,292,147,542,36,355,36,517,124,355,0.19,300,230,35.1,45.1,39.4,352,15.4,424,7.42,318,4.37,248,1.53,181,0.9,102,-0.534,79.9,69.4,69.5,75.5,87,83.9,90.9,90.1,88.6,56.5,42,40,60,120,20,70,68,58,,0.24,0.58,1.47,4.54,3.5,4.04,3.05,4.21,,77.1,56.6,95.7,22.8,73.5,49,61.8,52.6,,27.7,40.7,87.5,21.4,63.5,55.1,43.9,67,,9442,16,1831,274,44.9,38.3,83.3,41.2,61.8,63.2,62.7,44.3,97.4,-2.2,1.9,61.8,47.2,59.73,3.26,0,2.53,45.4,64,65,1.85,,0.6,19,25
03/03/20,15:12,252,38.4,3003,356,428,54.49,57.58,55.03,56.79,-4.2,-3.2,2.16,100,97,95,97,-0.025,-0.029,0.0213,486,535,54.35,,3.6,15.5,1.03,33.5,33.5,12.2,14.4,46,73,45.4,53.3,59.6,62.7,65.4,65.1,65.4,68.8,52.9,52.7,146,537,804,86,36.2,544,783,296,143,543,35.5,359,35.5,540,120,359,0.19,369,222,29.8,43.8,38.9,355,15.1,447,7.28,339,4.24,266,1.45,200,0.84,105,-0.566,78.7,68.8,69.5,75.2,85.6,79.5,90.3,90.2,87.8,56.4,40,40,50,130,15,70,68,58,,0.59,0.7,0.48,2.66,2.98,3.1,3.62,4.17,,79,62.8,102,27.4,68.7,55,66.5,52.9,,35.1,43.7,77.9,27.9,63.2,64.6,47.9,65.1,,9365,16,1806,274,45.6,41.1,82.7,41,60.9,62.3,62.2,43.5,98.2,-11,1.9,60,45,56.95,2.52,0,2.52,45.3,59,65,1.85,,0.62,59.91,24
04/02/20,9:11,252,38,3009,349,399,54.5,59.11,54.4,50.8,-3.6,-3.4,1.83,94,95,97,73,-0.061,-0.058,-0.102,486,508,47.3,53.3,3.8,15.5,1.13,32.6,31.8,11.8,,47,74,45.5,52.8,60.5,61.2,65.2,64.5,65.1,67.9,52.9,52.5,147,532,815,70,36.1,522,790,291,144,537,35.4,352,35.4,514,121,352,0.18,326,201,25.6,39.5,38.4,348,15,420,7.23,316,4.22,245,1.45,180,0.85,101,-0.579,78.4,66.9,72,69.5,84.9,80.2,89.8,90.2,87.2,57.3,40,35,32,110,15,70,70,55,,0.48,0.78,1.07,3.49,5.21,5.8,3.43,3.99,,64.8,43.1,101,26.4,62.2,44,63.2,50.1,,30.3,51.8,73.4,27.7,55.9,54.5,42.8,60.4,,9446,15.8,1795,274,47.5,39.7,81.6,43.6,60.8,63.4,62,43.5,98.5,-16,1.92,59.7,45.3,57.69,2.98,0,2.53,46.3,60,64,1.75,,0.56,19,31
02/02/20,9:31,250,-14,3003,351,409,52.94,55.72,53.35,55.34,-4.4,-3.3,2.11,98,95,95,97,-0.059,-0.06,-0.038,481,520,52.52,,3.6,15.5,1,32.9,32.7,12,13.6,43,73,43.7,51.7,57.5,61.5,63.8,63.4,64,67,51.3,51.1,145,531,806,73,35.8,537,769,297,142,537,35.1,355,35.1,526,120,355,0.21,367,242,25.4,39.5,39.1,351,14.9,434,7.17,327,4.17,254,1.41,189,0.82,102,-0.59,77.8,67.6,68,73.9,84.1,77.4,89.3,89.2,86.4,55.2,42,38,50,135,15,70,70,58,,0.27,0.56,0.99,4.31,3.35,3.92,3.43,4.31,,83.1,52.7,98.2,32.7,67,49.6,68.4,48.9,,35.7,39.8,83.7,21.3,66,57.3,49.7,67.9,,9472,15.6,1634,247,44.7,34.9,86.4,44.3,62.9,67.5,61.1,42.9,98.5,-16,1.9,59.9,45,57.13,3.16,0,2.55,45.8,59,65,1.85,,0.61,19,26
04/01/20,11:40,250,23.8,3010,338,393,54.01,56.8,54.25,56.29,-2.9,-3,2.25,98,95,95,97,-0.065,-0.081,-0.055,459,490,53.58,,3.6,14.5,1.03,31.7,31.1,11.2,12.7,43,73,44.6,52.5,56.6,61.4,64.4,64,64.6,67.3,51.4,51.2,147,507,830,76,36.3,507,801,290,144,513,35.6,334,35.6,495,121,334,0.19,343,178,26.4,40.3,39.6,331,15.1,403,7.29,301,4.28,232,1.48,167,0.87,101,-0.54,78.8,68,69.8,73.5,84.2,80.2,89.7,89.8,87.1,56.1,42,40,50,132,15,70,70,68,,0.25,0.56,1.29,4.9,3.04,3.37,3.48,4.48,,77.2,54.5,92,28.6,70.2,49.1,67.2,48.4,,33,40.2,85.3,21,67.7,59.9,49.6,68.3,,9350,15.7,1738,265,47.1,33.7,81.9,45.3,,64.6,61.6,42.9,,-15,1.94,59.6,45.1,56.9,3.19,0,2.54,45.4,60,66,1.65,,0.59,59.67,
11/10/19,10:33,257,51.7,3005,482,489,54.17,57.55,54.86,56.29,-5.2,-3.2,2.16,99.6,100,97,25.4,-0.028,-0.032,-0.006,483,525,54.13,,3.9,15.75,1.33,32.7,32,11.7,13.2,50,73,45.5,52.7,58.6,61.7,65.2,64.7,64.7,67.6,52.7,52.9,149,527,796,69,36.1,536,806,294,146,534,35.3,354,35.3,533,119,354,0.16,371,155,31.9,41.3,38.3,349,15,441,7.27,334,4.22,261,1.44,197,0.83,104,0.55,79,68.7,69.7,73.7,82.9,80.5,90,89.3,86.8,56.3,42,35,38,115,15,70,68,55,,0.81,0.8,0.56,2.57,5.39,4.73,3.68,3.92,,81.9,56.6,97.7,25.2,60.1,49.5,61.1,52.2,,35.4,45.3,69.5,37.6,45.6,60.4,44.5,57.8,,,16.2,1835,273,43.9,37.3,80.6,37.5,61.2,63,61.8,44.6,98.6,-16,1.92,60.2,45.2,57.85,3.2,0.03,2.55,45.4,59,64,1.75,,0.63,60.08,
03/09/19,9:15,255,43.1,3008,474,508,55.08,58.33,55.32,57.25,-4.3,-3,2.62,97,97,95,97,-0.019,-0.029,-0.005,343.1,403,54.8,55.32,3.9,15.75,1.22,33,32.6,12.1,13.6,50,75,46.2,53.6,58.6,62.6,66.9,65.7,65.7,68.6,53.4,52.9,150,523,842,79,37.1,513,813,292,147,529,36.2,344,36.2,506,124,344,0.19,353,148,34.1,43.7,39.3,341,15.4,414,7.47,312,4.39,241,1.55,177,0.91,102,-0.51,80,69.9,68,74.7,84.9,84.5,90.7,89.9,87.8,56.7,40,32,42,100,22,70,68,55,,0.4,0.63,1.56,4.78,4.73,5.26,3.53,3.94,,62,52.9,87.1,28.2,63.2,47,63.1,44.7,,25,43.3,81.1,31,49.5,55.7,46.6,57.8,,9547,16,1830,274,43.9,36,83.2,46.6,63.1,66.1,62.7,46.5,100,-4.2,1.92,60.7,45.1,58.13,3.13,0.03,2.55,45.4,58,64,1.75,,0.63,60.77,66
03/08/19,9:48,253,23.4,3009,489,510,54.35,57.41,54.7,56.29,-4.7,-3.1,2.55,98,96,95,77,-0.01,-0.01,0.0149,485,524,53.89,,3.8,15.75,1.27,33.4,33.4,12.3,14.3,50,75,45.4,52.8,59.3,61.9,65.8,64.9,64.5,67.9,52.8,52.3,148,533,820,77,36.5,528,791,296,145,539,35.7,354,35.7,526,122,354,0.18,355,153,33.8,43.3,38.7,350,15.2,432,7.32,327,4.27,255,1.47,190,0.86,102,,79,68.9,67.9,73.7,83.9,82.8,90.4,89.4,87.2,56.4,40,32,50,110,20,70,65,55,,0.47,0.59,1.69,4.6,4.78,5.35,3.44,3.97,,66.8,52.4,88.6,29.5,61.5,46.9,62.6,44.5,,27.3,42.9,77.9,31,50,54.6,46.2,58.5,,9367,16,1746,258,42.4,36.3,83.6,40.3,61.3,63.6,61.4,46.3,100,-12,1.89,60.3,45,57.65,3.21,0.02,2.51,45.3,59,64,1.75,,0.62,60.32,36
02/07/19,2:32,250,38.7,3011,352,404,55.24,58.34,55.92,56.6,-4.1,-3,2.7,96,97,95,91,-0.015,-0.027,0.0275,480,512,54.81,,3.7,15.75,1.27,33.2,33,12.4,13.8,52,75,45.9,53.3,58.8,62.7,44.2,65.3,64.8,68.2,53.3,52.8,149,530,826,84,36.4,534,794,298,146,536,35.7,353,35.7,515,123,353,0.18,367,155,35.2,44.7,39.8,349,15.2,421,7.33,318,4.29,247,1.49,181,0.88,102,-0.52,79.4,70.6,68.3,74.1,85,85.3,90.6,89.8,87.4,56.9,40,32,50,110,25,70,65,55,,0.33,0.58,1.72,5.18,4.83,5.69,3.43,4.15,,59.6,52.7,86.5,31.8,65,46.3,59.5,46.1,,25,48.4,78.4,34,50.4,52.3,43.9,60.5,,9276,16.1,1790,265,43.6,41.7,82.6,41.3,61.5,63.3,62.3,47.1,100,-13,1.89,60.3,45.2,57.52,3.33,0.04,2.53,45.3,65,64,1.75,,0.63,60.3,33
03/06/19,12:25,250,29.9,3009,354,422,54.93,57.86,55.46,56.44,-5.1,-3,2.44,97,97,96,75,-0.015,-0.02,0.0729,491,532,54.34,,3.7,15.75,1.16,33.5,33.1,12.4,14.5,50,73,45.5,53.1,59.6,62.9,58.7,65.3,64.9,68.2,53.1,52.9,146,535,806,74,35.9,537,772,294,143,541,35.2,358,35.2,534,120,358,0.2,358,155,32.9,42.4,39.3,354,15,440,7.23,333,4.22,260,1.46,196,0.85,104,-0.54,78.8,68.7,67.7,73.8,85.2,81.7,90.5,89.8,87.3,56.8,40,30,50,115,20,70,65,55,,0.21,0.63,1.47,5.01,4.91,5.19,3.26,4.21,,68.4,52.7,87.4,25.8,64.8,46.5,64.1,46.4,,27.9,42.9,76.3,33.4,51.8,50.4,45.4,61.8,,9074,16.4,1750,259,42.8,42.1,80.8,44,62.5,63.5,61.5,47.6,100,-15,1.94,59.8,45.02,56.86,3.34,0.03,2.5,45.4,59,64,1.75,,0.58,59.88,37
03/05/19,8:44,254,28.4,3008,483,509,54.62,57.42,55.31,56.26,-4.8,-3,2.49,98.7,100.23,96.92,96.21,-0.011,-0.008,0.0035,480,516,54.04,57.28,,,1.13,33.4,33.2,12.1,13.7,56,76,45.4,53,59.1,62.8,61.5,65.2,64.9,68.1,53.3,52.9,150,528,831,69,36.7,524,802,294,147,534,36,351,36,515,124,351,0.18,379,157,34,43,39.9,347,15.4,425,7.39,319,4.32,247,1.49,183,0.87,102,0.46,79.4,68.8,67,73.6,85.3,82.4,90.7,89.6,87.4,56.7,,,,,,,,,,0.42,0.66,1.68,4.76,4.57,5.09,3.36,4.14,,65.4,53.6,86.5,25.3,63.4,46.6,65.9,47.4,,25.6,44,76.9,33.3,49.1,51,46.7,62.9,,9490,15.8,1774,263,42.9,83.8,83.6,61,61,100,61.3,46.2,100,9.8,1.93,60.5,45.1,,3.33,0.04,2.56,45.4,58.5,53.6,3.5,263,0.63,60.41,35
05/04/19,9:53,251,32.1,3008,489,513,54.45,57.57,54.86,56.13,-4.8,-3.1,2.43,96,96,96,98,-0.02,-0.037,-0.014,484,525,54.04,57.28,3.7,15.6,1.27,33.43,33.36,14.15,12.3,50,76,45.5,53,59,62,64,65,64,67,52,52,146,532,814,79,36,535,786,294,143,538,35.3,354,35.3,526,121,354,0.19,367,148,33.9,43.6,39,351,14.9,434,7.2,328,4.18,255,1.43,191,0.84,103,-418,78.7,68.7,66.4,73.8,84.7,81.9,90.6,89.2,86.9,56,40,30,55,110,20,70,64,57,,0.44,0.65,1.67,4.83,5.25,5.41,3.28,4.15,,62.9,53.4,87.3,28.8,65.9,45.7,67.4,47.9,,25.3,43.7,73.6,33.6,50.7,52.1,47.6,62.9,,9147,16.2,1751,260,43.8,40.8,81.2,40.4,61.1,62.3,61.1,46.3,100,-14,1.93,59.8,45.1,,3.29,0.04,2.48,45.3,61,63,1.78,,0.56,19,
01/03/19,12:33,253,14.1,3014,349,413,52.93,55.26,53.66,54.39,-4.7,-3.2,2.28,97,97,95,38,-0.036,-0.041,-0.033,479,524,52.06,,3.9,16,1.19,32.9,32.6,12,13.7,48,75,43.1,51,57,60.7,62.9,63.1,63,65.3,50.8,50.8,147,530,798,64,35.5,535,783,292,144,535,35,352,35,530,118,352,0.18,352,143,25.8,39.8,38,348,14.6,436,6.94,330,4.19,258,1.16,192,0.71,101,-0.56,77.8,67,65.3,72.5,82.8,79.6,89,88.5,85.6,54.3,42,38,50,112,15,70,68,58,,0.57,0.72,0.77,3.21,5.88,5.77,3.34,4,,67.2,55.3,87.7,27.2,63.5,47.6,63.1,48.1,,27,47.1,69.3,33.1,47.9,56.3,46.3,59,,9301,15.8,1709,259,44.8,40.6,79.3,64.1,70.5,76.8,61,41.6,100,-26,1.87,63.1,45.2,57.15,3.28,0.01,2.47,45.3,61,64,1.78,,0.6,62.57,26
01/02/19,11:18,252,21.3,3006,353,417,54.47,57.26,54.87,55.97,-5.4,-3.2,2.34,97,96,95,94,-0.036,-0.054,-0.039,490,528,54.05,,3.8,15.8,1.26,33.5,33.5,12.3,14.5,50,72,45.4,52.6,58.5,62.3,58.5,64.3,64.2,66.6,52.3,51.9,145,534,810,64,36,537,779,296,143,539,35.2,355,35.2,530,120,355,0.2,353,151,26.3,40,38.5,351,14.9,437,7.22,331,4.22,260,1.45,194,0.84,103,-0.55,78.3,67.7,65.8,73.6,82.9,79.8,89.6,89.3,86.7,55.7,40,28,50,115,15,70,68,58,,0.33,0.62,1.57,5.36,6.01,6.69,3.55,4.41,,59.1,55.1,87.3,32.2,67.8,42.3,67.9,45.3,,26.1,44.4,74.2,33,60.8,47.7,47.4,62.6,,9553,15.6,1752,266,46.1,48.6,84.4,43.6,62.1,65.2,62.9,47.1,100,-25,1.94,60.6,45,58.12,3.27,0.01,2.52,45.3,59,63,1.78,,0.6,60.73,24
01/01/19,16:59,250,-7.8,3013,353,412,38.25,51.57,49.87,54.31,-5.2,-3.2,2.28,96,97,95,91,-0.045,-0.065,-0.045,487,527,50.77,,3.9,15.75,1.26,33.5,33.8,12.3,14.6,50,73,44.6,51.8,57.7,61.5,60.2,63.6,63.7,66,51.7,51.5,145,533,807,75,35.8,538,782,293,142,539,35.1,358,35.1,529,120,358,0.25,348,143,28.4,42.3,39.1,354,14.8,435,7.15,330,4.16,260,1.42,193,0.83,102,-0.56,78.2,67.5,65,73.3,82.7,79.5,89.6,89.1,86.5,55.5,40,28,50,112,15,70,68,60,,0.55,0.65,1.87,5.05,6.03,6.68,3.28,4.35,,62.3,54,86.4,30.4,66.5,45.9,68.1,44.4,,27.3,45.7,74.8,33,59.9,46.7,46.3,60.2,,9455,15.5,1644,246,44.3,42.5,82.5,60,68.5,75.7,60.9,42.7,100,0.44,1.9,61.2,45.1,57.98,3.28,0,2.5,45.4,60,63,1.78,,0.61,61.34,15
13/12/18,12:03,251,12.4,3010,356,415,35.09,46.36,41.53,51.49,-5.23,-3.31,2.19,98.4,99,97.8,94.4,-0.05,-0.06,-0.05,487,519,42.89,,3.9,15.75,1.29,33.1,33,12.3,14,47,76,45.4,52.4,57.2,61.1,62.5,64.3,64.4,66.4,52.2,51.7,146,537,815,50.7,35.8,543,779,296,144,542,35.2,358,35.2,523,121,358,0.21,313,149,27.4,41.6,38.9,355,14.6,429,6.97,324,4.02,255,1.33,188,0.76,101,-0.55,78.1,67.4,65,73.3,81.4,80,89.8,89.2,86.8,55.8,40,30,50,115,18,70,68,58,,0.55,0.52,1.13,3.89,5.08,5.11,3.16,4.19,,64.4,58.6,87.6,23,62.3,50.9,54,48.5,,28.1,47.9,74.3,36.6,47.9,53.7,41.4,57.7,,9584,15.5,1715,257,45,47,80.3,61,67.5,74.5,60.9,42.1,100,4.3,1.95,61.8,44.8,58.33,3.22,0.01,2.55,45.5,60.8,54,1.75,,0.61,61.88,19
02/11/18,10:30,250,67.5,3004,345,405,54.67,57.32,55.12,60.57,-3.9,-3.2,2.76,94,97,95,92,-0.041,-0.051,0.0808,474,510,55.75,54.3,3.6,15.5,1.19,33.3,32.9,12.4,14.5,51,77,45.1,53,57,62.7,68.6,65.1,64.7,68.9,52.7,52.1,149,524,829,91,36.3,523,795,293,146,529,35.6,346,35.6,512,123,346,0.2,350,148,30.8,45.4,39.2,342,15.2,422,7.29,316,4.25,249,1.46,177,0.83,102,-0.53,79.4,72.8,67.6,72.6,93.1,84.6,89,89.8,88.2,59.5,40,32,50,38,20,65,60,53,,0.42,0.42,1.54,4.98,4.04,5.19,3.27,4.68,,52.4,64.6,94.3,32.4,71.6,48.3,57.5,52.7,,26.9,50,74.2,49.6,71.6,59,37.9,67.8,,9665,15.8,718,151,55,45.8,80.5,44.1,60.4,62.1,61.3,44.9,100,-24,1.92,59.8,45,58.22,3.38,0.02,2.55,45.3,69,68,1.78,,0.62,60.09,37
01/10/18,9:06,251,42.8,3005,356,421,56.25,58.78,56.08,62.21,-4.4,-3.2,2.72,94,96,95,92,-0.047,-0.05,0.088,485,526,57.14,55.74,3.6,15.5,1.2,33.8,33.8,12.7,14.5,52,75,45.4,53.2,58,63.1,68.5,65.3,64.8,69.2,52.9,52.5,148,536,818,83,36.3,548,783,298,145,542,35.5,358,35.5,529,123,358,0.22,350,150,33.6,43.9,39.7,354,15.1,435,7.29,329,4.25,166,1.46,189,0.81,103,-0.54,79.3,72.7,67.1,72.7,93.5,82.9,89.5,90.3,88.8,59.7,40,30,55,40,22,65,60,52,,0.39,0.47,1.62,5.02,4.07,5.03,3.49,4.61,,50.2,62.6,92,31.7,72.3,48.4,58.4,52.7,,25.8,48.7,72.7,51.5,74,57.3,38.3,67.2,,9514,15.9,680,142,53.3,42.7,83.9,41.1,60.7,63,62.4,47.1,100,-19,1.89,60.4,45.2,58.16,3.36,0.03,2.53,45.4,67,69,1.75,,0.63,60.58,35
03/09/18,11:04,256,65.1,3007,358.3,433,56.18,58.86,56.43,62.28,-5.1,-3.2,2.61,97.9,97.1,96.2,97.8,-0.056,-0.059,0.0525,484,521,57.32,55.78,3.7,15.5,1.18,34.1,34.3,12.8,14.7,50,72,45.4,53.2,58.3,63.3,68,65.2,64.9,69,52.8,52.6,149,536,820,81,36.8,546,786,301,146,541,36,357,36,544,123,357,0.21,351,151,32.7,43,39.6,354,15.3,449,7.39,341,4.31,185,1.5,200,0.81,105,-0.538,79.1,72.1,67.9,73.4,93.4,81,89.6,90,88.7,59.9,40,32,50,28,18,65,60,55,,0.67,0.61,0.81,3.25,4.98,4.72,3.56,4.5,,55.5,66.1,95.1,28.5,67.2,54.3,57.8,55.7,,28.4,49.6,70.3,51.9,73,61.3,37,65,,9640,16.2,721,153,54.9,42.5,82,40.2,60.2,61.4,61.9,46.2,100,-19,1.94,60.5,45.3,58.62,3.17,0.03,2.59,45.3,67,69,1.75,,0.63,60.72,36
02/08/18,11:09,251,53.8,3010,356.1,421,54.49,57.19,55.2,60.55,-4.5,-3.3,2.41,97.1,97.7,96.1,97.4,-0.066,-0.073,-0.0555,489,521,56.46,54.05,3.6,15.5,1.2,33.4,33,12.4,14.5,51,75,44.4,52.6,56.5,62.4,67.1,64.5,64.2,68.2,51.9,51.7,150,533,828,93,36.6,536,781,296,147,538,35.7,354,35.7,523,123,354,0.2,349,150,31.5,46.4,39.8,351,15.3,432,7.62,326,4.51,222,1.62,188,0.63,102,-0.525,79.3,72.1,67.6,72.3,92.4,80.6,89.2,89.2,88.6,60,40,32,50,38,18,65,60,55,,0.55,0.43,1.67,4.76,3.79,4.55,3.47,4.66,,53.3,67.4,93.1,28.5,72.7,51.6,59.9,51.3,,29.1,51.5,73.1,50.7,74.7,58.7,38.8,68.3,,9404,16.1,692,147,55.2,39.2,80.8,46.7,62.5,63.8,62.4,45.4,100,-22,1.91,60.3,45.1,57.7,3.16,0.03,2.55,45.4,68,69,1.75,,0.62,60.28,47
02/07/18,10:24,250,60,3009,354.3,415,48.56,52.6,48.17,57.2,-4.4,-3.2,2.67,94,96,95,91,-0.042,-0.046,0.0038,483,523,50.41,49.8,3.8,15.75,1.19,33.8,33.4,12.7,14.5,51,75,45.5,53.3,57.7,62.9,68.7,65.2,64.8,69,52.8,52.6,146,533,807,85,35.8,549,782,297,143,538,35.1,355,35.1,529,121,355,0.2,345,154,34.2,44.3,39.2,351,14.9,433,7.2,327,4.21,,1.45,189,0.76,102,0.53,79.1,72.9,68.3,72.6,93.1,84,89.5,90.1,89,60.4,40,32,50,40,20,65,60,55,,0.38,0.52,1.59,4.64,4.38,4.99,3.59,4.88,,52.3,60.4,91.4,29.9,70.6,50.4,58.5,55.4,,25.9,49.1,72.9,48.9,72.3,58.3,38.7,70.7,,9176,16.4,696,147,55.2,45.3,80.8,41.3,60.9,61.5,62.6,47.2,100,-12,1.89,60.1,45.1,,3.2,0.03,2.51,45.3,68,69,1.75,,0.62,60.9,53
01/06/18,11:36,251,45.4,3001,356.4,430,48.91,52.83,48.5,57.11,-4.4,-3.2,2.63,94,97,96,93,-0.041,-0.045,0.0083,484,532,50.13,50.23,3.7,15.5,1.18,34.1,33.7,12.7,14.7,51,72,45.4,53,58,63,68,65,65,69,53,52,147,532,815,86,36.7,540,784,299,144,537,36,353,36,532,121,353,0.2,341,141,34.4,45.1,39.2,349,15,439,7.29,333,4.26,254,1.47,194,0.77,103,-0.53,79.3,72.6,68.2,73,93.4,82.8,89.7,90.2,88.9,60.5,52,32,50,40,18,65,60,55,,0.51,0.58,1.49,4.38,4.28,4.5,3.84,5.14,,54.4,58.1,90.5,27,71.6,52.9,57.9,56.6,,27.4,47.7,72.7,51.8,73,58.6,38.8,68.9,,9247,16.2,683,144,54.4,44.6,82.8,41.1,61.5,62.6,62.6,47.4,100,-16,1.93,100,45.2,57.76,3.4,0.04,2.57,45.4,68,69,1.75,,0.64,60.74,45
03/05/18,8:51,,,,,,53.26,56.15,54.4,59.41,,-3.3,2.59,97.9,97.2,96,97.5,-0.057,-0.043,-0.007,,,55.57,53.52,,,1.21,33.4,33.3,11.9,14.7,52,72,,,,,,,,,,,149,540,828,,36.3,531,791,299,146,545,35.7,359,35.7,515,123,359,0.2,350,140,,,39.8,355,15.4,423,7.24,318,4.26,244,1.47,181,0.79,101,-414,79.1,71.5,66.4,71.4,92.2,82.4,88.2,89.2,87.9,59.1,,,,,,,,,,0.55,0.47,1.74,4.48,4.09,4.57,3.89,4.72,,50.1,63.2,89.8,27.1,68.5,51.5,57.1,54.7,,27.6,50,73.5,49.3,73.4,60,36,66.3,,9075,16.3,635,133,53.3,46.4,82.6,42.5,62.6,63.8,61.5,47.1,100,-15,1.93,60,45,56.77,3.35,0.05,2.59,45.4,67,69,,,0.65,59.71,
05/04/18,11:03,250,64.7,3006,353.5,406,52.42,55.3,53.84,58.61,-3.8,-3.2,2.66,94,97,96,93,-0.057,-0.047,-0.006,479,505,55.05,52.76,3.8,15.5,1.19,33.6,33.4,12.3,14.7,51,75,43.5,51.5,56.4,61.1,52,63.5,63.5,67.5,50.9,50.9,151,530,839,86,36.7,521,800,297,147,536,36,352,36,506,124,352,0.2,343,143,30.6,45.8,40,348,15.2,413,7.31,311,4.25,238,1.46,175,0.74,101,-0.53,79.5,68.7,65.2,75.2,76.6,88.9,81.8,88.3,86.2,64.1,,,,,,,,,,0.43,0.8,0.35,1.41,3.43,2.52,1.82,2.49,,23.2,39.3,42.6,56.1,57.5,16.3,24.1,60.9,,32.3,27.5,47.7,38.1,43,23.8,17.1,35.8,,9304,16.4,709,150,54.4,48.3,80.2,41.1,60.4,60.7,62.5,46.8,100,-21,1.91,60.1,45.1,57.6,3.32,0,2.52,45.3,68,69,1.75,,0.62,60.2,35
07/03/18,8:56,250,23.7,3003,357.6,417,49.88,51.75,52.34,55.42,-4.3,-3.3,2.71,94,97,96,93,-0.055,-0.065,-0.027,494,526,51.75,50.07,3.7,15.75,1.15,33.6,33.6,12.6,14.7,51,75,40.1,48.6,54.1,58.9,62.8,61,61,65.4,49.2,48.2,145,537,808,69,35.6,540,782,298,142,542,34.9,357,34.9,532,120,357,0.2,330,149,27.1,41.3,38.2,353,14.8,436,7.09,330,4.13,262,1.4,191,0.71,101,-0.56,78.3,71.2,66.8,71.3,91.9,83.7,88.9,89.1,87.8,58.7,40,30,55,40,22,65,60,55,,0.53,0.44,1.77,4.65,3.27,4.35,3.74,4.4,,53.9,60,89.8,29.6,71.8,51.4,56.9,52.5,,26.6,46,72.8,49,73.9,59.4,34.8,64.1,,9256,16,650,136,52.6,46.9,80.9,41.4,60.4,62.3,60.7,46.1,100,-21,1.9,59.2,45.1,57.31,3.17,0,2.55,45.5,67,69,1.75,,0.63,59.26,35
03/02/18,9:48,253,14.4,3006,357.6,420,46.35,49.43,45.66,55.17,-5,-3.6,2.24,93,96,95,92,-0.066,-0.072,-0.029,486,521,45.54,48.15,3.6,15.5,1.19,33.1,33,12.11,14.6,47,76,42.8,51,54,60,64,63,63,67,50,50,148,536,825,89,36.4,532,784,299,145,541,35.7,356,35.7,528,122,356,0.23,299,148,31,45.9,39.1,353,15.25,436,7.3,329,4.25,261,1.46,192,0.82,102,-0.54,79.3,68.8,63.1,69.4,90.4,78,87.6,87.5,86.2,56.8,40,30,50,40,15,65,60,55,,0.72,0.38,1.57,4.12,4.37,4.82,3.66,4.23,,50.5,68.6,94.9,29.1,66.8,52,58.7,52.4,,27.2,55,73,50.6,71.6,59.8,34.8,65,,9367,15.9,642,137,56.6,68.5,83.4,51.9,65.3,69.5,61.8,45.3,100,-24,1.94,60.2,44.9,57.44,3.15,0,2.59,45.4,67,69,1.75,,0.64,60.11,69
03/01/18,10:16,264,26.7,3001,358,420,49.09,51.58,50.29,49.73,-4.9,-3.5,2.27,94,96,95,92,-0.068,-0.045,-0.027,488,530,49.81,49.75,3.6,15.5,1.18,33.7,31.8,12.3,14.4,46,75,40.4,48.7,53.6,58.8,62,60.9,60.8,64.9,48.4,48,149,540,824,69,36.4,539,790,299,146,544,35.7,358,35.7,538,123,358,0.22,293,148,26.4,40.9,39.1,355,15.2,445,7.28,335,4.23,265,1.43,196,0.7,103,-0.56,78,69.1,65.5,70.6,91.6,77,88,88.7,87.4,58.8,52,32,50,40,10,65,60,55,,0.63,0.41,1.77,4.98,3.53,4.37,3.46,4.52,,54.2,67,93.9,28.4,72.2,52.9,57.9,46.2,,28.9,53.2,75.1,53.6,75.1,56.1,36.1,62.2,,9439,16,666,144,57,48.7,85.2,43.5,62.7,64.8,64.1,48.7,100,-20,1.88,60.2,45,,3.19,0,2.53,45.3,67,69,1.75,,0.65,60.36,64
07/12/17,15:05,252,15.2,3008,358.8,432,52.22,54.37,53.62,57.78,-5.2,-3.3,2.42,92.1,96.7,96.4,97,-0.064,-0.034,-0.019,488,536,53.81,51.72,3.6,15.5,1.19,34.1,32.3,12.5,14.4,49,78,42.7,50.8,55.8,60.9,64.5,62.8,62.5,66.7,50.4,50.3,146,538,811,79,36,543,765,297,144,543,35.3,358,35.3,538,121,358,0.23,292,150,28.7,43.7,38.9,354,15.1,444,7.19,336,4.21,265,1.41,198,0.71,104,-0.57,78.1,67.9,64.7,69.4,89.2,75.8,87.2,87.5,85.8,56.9,52,32,50,40,10,65,60,55,,0.7,0.48,0.65,2.95,3.48,3.37,3.66,4.29,,60.6,79.3,98.9,14.1,84.6,60.3,57.6,53.2,,31.3,60.5,76.2,43.8,94.6,62.3,34.9,64.4,,9124,16.2,638,134,55.5,45.7,82.9,42.7,62.2,63.6,62.3,47.4,100,-6.8,1.94,60.2,45.1,,3.16,0,2.59,45.3,67,69,1.75,,0.65,60.19,54
04/11/17,10:28,252,49.9,3002,486,499,52.9,55.33,54.76,58.72,-3.91,-3.2,2.67,94,97,96,93,-0.062,-0.038,-0.012,481,486,54.63,52.71,3.6,15.5,1.2,33.7,32.4,12.3,14.4,,,43.6,51.3,56.2,61.3,37.5,63.4,63.3,67.3,51,51.3,149,530,833,81,36.5,525,803,296,146,536,35.5,352,35.5,517,123,352,0.2,299,145,29.5,43.6,39.6,348,15.1,424,7.25,320,4.4,251,1.43,182,0.7,101,-0.57,78.6,69.1,66.1,71.5,90.9,78.1,88.2,88.9,87.4,58.2,40,30,50,42,15,65,60,55,,0.74,0.5,0.59,2.89,3.35,3.34,3.47,4.18,,55.5,76.3,95,16.4,80.9,56.8,55.6,52.7,,28.3,58.1,74.7,42.8,92.8,60.2,34.3,62.1,,9279,16,657,138,53.7,45.3,82.6,42.1,61.2,63,62,47,100,4.37,1.89,59.8,45.1,,3.15,0,2.51,45.3,67,63,1.75,,0.61,19,44
03/10/17,11:21,,,,356.3,416,48.37,52.42,48.19,57.84,-4.4,-3.2,2.5,94,97,96,93,-0.049,-0.027,-0.015,490,519,48.65,50.28,3.8,15.5,1.16,33.8,32.5,12.3,14.3,46,75,45.4,53.3,57.7,63.1,50.5,65.2,64.9,69.2,53.3,53.2,148,535,818,82,36,531,781,300,145,540,35.1,356,35.1,521,122,356,0.21,303,148,33.6,43.5,39.2,352,15,428,7.18,323,4.59,253,1.4,185,0.67,101,-0.55,78.2,70.3,66.5,71,90.4,83.1,87.9,89.1,87.3,58.8,40,30,50,40,22,62,60,55,,0.45,0.44,1.27,4.24,3.78,3.97,3.51,4.6,,57.2,72,90.1,10.3,85,55.8,56.4,52.9,,27.3,54.5,78.8,41,88.7,60.7,34.3,67.5,,9426,15.8,671,138,53.6,45.6,83.4,41.5,60.8,62.9,62.3,47.1,100,7.16,1.93,60.6,45.1,,3.16,0,2.57,45.4,67,69,1.75,,0.64,60.58,44
04/09/17,8:47,255,44.2,3003,360.2,423,55.36,58.18,57.08,61.36,-4.1,-3.3,2.52,94,97,96,92,-0.061,-0.027,-0.014,493,526,58.04,55.25,3.6,15.5,1.19,34,33,12.4,14.4,48,75,45.4,53.2,57.4,63.2,56.3,65.1,64.7,68.9,52.5,53.1,149,536,824,81,36.7,533,785,297,146,541,35.8,356,35.8,529,123,356,0.22,301,130,34.1,44,39.3,353,15.2,433,7.3,328,4.63,259,1.45,190,0.69,102,-0.56,78.6,71.3,68.5,72.4,91.8,84.1,88.9,90.1,88.6,60.7,40,30,50,38,18,62,60,52,,0.53,0.48,1.14,4,3.73,3.57,3.56,4.85,,57.1,69,90.5,9.91,85.8,57.9,56.9,53.9,,16.8,53.5,76.8,40.9,88.7,61.5,33.8,68.4,,9207,16.5,684,146,53.6,43.3,81.3,41.4,61.6,62.4,62.3,47.1,100,5.91,1.92,60.1,45.1,,3.16,0,2.55,45.3,67,69,1.75,,0.62,60.09,40
03/08/17,16:18,251,54.5,3004,355.7,420,51.23,56.03,49.36,60.21,-3.9,-3.2,2.63,94,97,96,94,-0.05,-0.03,-0.015,483,531,49.65,53.98,3.8,15.5,1.15,34.1,32.9,12.4,14.4,50,77,44.3,52.4,57.1,62,57,64.7,64.1,68.8,52,52,145,533,806,93,36,534,781,296,143,538,35.1,354,35.1,535,120,354,0.21,299,129,33.2,43.4,38.5,350,14.9,439,7.17,334,4.37,265,1.4,194,0.69,103,-0.536,78.7,71.4,67.8,73,91.5,82.6,89.1,89.9,88.7,60.3,40,28,50,38,20,65,60,52,,0.45,0.46,1.21,4.08,3.4,2.73,3.51,4.56,,61.9,67.3,92.3,13.8,81.5,60.2,55.2,52.2,,22.6,52.2,74.9,40.5,87.7,64.9,40.1,65.4,,9164,16.4,692,145,53.2,44.2,80.3,41.7,60.9,61.2,62,47,100,2.88,1.93,59.7,44.9,,3.3,0,2.55,45.3,67,69,1.75,,0.61,59.98,39
03/07/17,12:20,250,49.9,3001,353.1,409,59.9,55.77,48.49,59.87,-3.5,-3.2,2.6,94,97,96,93,-0.053,-0.032,-0.03,480,508,48.37,53.39,3.7,15.5,1.16,33.6,33,12.2,14.3,50,77,44.4,52.4,55.8,61.9,58.4,64.5,64,68.4,51.7,51.9,149,530,831,93,36.3,518,797,294,146,536,35.6,350,35.6,509,123,350,0.22,310,131,32.6,46.8,39,346,15.1,414,7.26,312,4.23,246,1.45,176,0.71,101,0.53,78.9,70.3,67,72.4,91,84,89.1,89.7,88.5,60.1,40,38,45,38,22,55,60,55,,0.45,0.42,1.24,4.43,3.31,2.95,3.68,4.48,,66.4,64.5,87.9,15.6,83.7,59.6,57.4,49.6,,22.8,50,77.7,38.9,87.1,64.4,43.6,64.5,,9099,16.5,690,146,54.6,42.9,78.7,50,64.2,65.5,62.7,45.7,100,3.53,1.89,59.9,45.1,,3.29,0,2.52,45.3,67,69,1.75,,0.63,60.08,33
05/06/17,9:30,252,29.8,3010,491,516,52.54,57.73,50.19,60.85,-4.2,-3.2,2.45,95,97,96,91,-0.061,-0.027,-0.027,486,532,51.74,54.98,3.6,15.5,1.19,34,32.7,12.4,14.3,46,77,45.9,53.7,58.1,63.8,61.5,65.8,65.1,69.8,53,53.7,146,533,807,83,36.1,537,769,299,143,539,35.3,355,35.3,535,121,355,0.25,317,135,34.5,44.4,38.8,351,15,439,7.22,333,4.2,265,1.44,194,0.71,103,-0.54,78.3,70.1,68,72.3,90.8,85.4,88.6,89.5,88.3,60,40,30,50,35,25,65,60,55,,0.62,0.38,1.21,4.39,3.02,2.8,3.6,4.43,,63.7,64.3,89.5,16.9,80.7,56.3,55.7,49.4,,22.5,50.1,77.8,36.7,83.7,63.5,42.3,65.3,,8958,16.6,657,139,53.9,45.2,80.9,41.3,62.2,62.7,61.8,47,100,9.2,1.9,59.8,45.1,,3.32,0,2.55,45.3,66,69,1.75,,0.64,59.81,34
03/05/17,9:00,252,54.1,3000,487,511,53.24,55.89,54.8,59.46,-4.1,-3.2,2.55,99.8,95.8,96,95.4,-0.068,-0.041,-0.038,487,526,55.42,53.57,3.7,15.5,1.16,33.9,33.2,12.3,14.2,45,75,44.5,52.5,56.8,62.4,62,64.8,64.1,69.9,51.5,52.2,149,537,824,93,36.4,535,787,297,146,542,35.6,357,35.6,526,123,357,0.22,321,136,32.4,46.9,39.3,353,15.1,431,7.25,327,4.2,259,1.42,188,0.7,102,-0.54,78.6,70.2,68.6,73.6,91.6,83.6,89.8,90.3,89.3,61.2,40,28,55,35,20,65,58,52,,0.49,0.42,1.31,4.21,3.1,2.82,3.55,4.33,,69.2,60,85,17.3,82,58.2,57,50.5,,23.9,48,74.4,38.7,86.5,62.4,42.5,64,,9247,16.4,697,149,53.4,45.3,79.9,40.8,60.6,60.9,61.8,46.4,100,3.68,1.93,60,45,,3.29,0,2.57,45.3,66,76,1.75,,0.64,60,30
03/04/17,11:14,252,64,2993,353,423,53.65,56.73,55.61,59.74,-4.6,-3.2,2.37,98,97,98,70,-0.069,-0.044,-0.036,481,527,56.24,54.24,3.6,15.5,1.18,33.7,31.6,12.3,14.3,45,77,45.4,53.1,57.6,63.3,62.9,65.5,64.7,70.4,52.1,53.3,147,530,818,92,36.3,538,777,296,145,536,35.5,352,35.5,529,121,352,0.26,324,138,32.3,46.5,38.9,348,15.1,434,7.32,330,4.29,261,1.49,192,0.71,103,-0.53,79.2,68.2,67.1,72.4,90.6,84,88.7,89.4,88.4,59.9,40,25,55,38,20,65,58,55,,0.56,0.38,1.25,4.24,3.07,2.8,3.56,4.45,,61.7,64.7,86.5,19.5,82.8,58,57,50.5,,22.5,49.9,73.7,36.9,86.4,62.8,43.3,65.3,,9247,16.5,710,150,55.1,46.1,80,41.5,61.1,61.1,63.2,47.2,100,3.38,1.92,60.4,45,,3.29,0,2.55,45.3,66,69,1.75,,0.63,60.4,33
03/03/17,9:26,260,61.4,3307,297,412,53.25,55.97,54.91,59.47,-4.9,-3.3,2.33,98,97,97,91,-0.08,-0.056,-0.059,493,533,56.45,53.52,3.7,15.5,1.16,33.8,32.6,12,14.2,47,77,45.4,53.2,57.7,63.6,63.7,65.5,64.7,70.4,52.5,52.9,150,538,835,79,37.3,546,799,301,148,543,36,360,36,537,124,360,0.22,338,144,29,43.5,40.3,356,15.1,440,7.06,335,4.33,267,1.28,196,0.63,104,0.55,78,67.1,68.2,73,91.1,83.4,88.6,89.6,88.9,60.5,40,25,55,35,22,65,58,55,,0.47,0.4,1.02,3.96,3.07,2.81,3.45,4.58,,70.1,73.5,89.1,20.9,81.2,61.2,55.5,52.3,,26.4,57.1,75,37.8,88.2,64.7,41.7,65.9,,9547,16.4,521,156,57.6,45.1,79.1,36.8,61,62.9,63.6,44,100,6.94,1.95,61.1,45,,3.31,0,2.59,45.3,65,68,1.75,,0.63,61.15,28
08/02/17,12:24,256,35.3,3001,492,529,53.39,56.9,51.27,60.36,-5.4,-3.2,2.12,100,95.4,95.9,95.3,-0.105,-0.081,-0.078,492,530,53.28,53.87,3.6,15.5,1.18,33.9,33.3,12.3,14.3,46,77,45.4,53,57.6,63.2,67.1,65.6,64.8,70.5,52.6,52.3,148,537,828,77,36.5,547,798,300,146,541,35.7,358,35.7,533,123,358,0.22,335,146,28.3,42.8,39.8,354,15.3,436,7.32,332,4.26,263,1.45,195,0.7,104,0.555,78.2,66.7,67.1,73,91.1,82.6,88.3,90,89,60,40,20,55,35,15,65,58,55,,0.62,0.5,0.96,3.77,3.69,3.53,3.53,4.31,,68.7,66.9,86.9,20.8,81.1,61,58.7,52.7,,24.4,55.2,70.8,37.5,89.1,62.5,42.4,64.6,,96.3,15.8,679,144,54.8,47.9,82.9,41.4,60.2,62.3,62,46.4,100,18.8,1.96,60.8,45.1,,3.31,0,2.96,45.3,65,68,1.75,,0.64,60.8,88
07/09/16,10:11,253,75.1,3001,318,410,53.04,54.6,53.17,57.16,-4.8,-3.2,1.94,95,91,97,95,-0.098,-0.029,-0.057,486,532,54.91,52.25,3.7,15.5,1.17,34.1,35,11.8,15.3,45,78,45.4,53.3,59.1,62.8,50.8,65.5,65.2,71.6,52.3,52.7,147,535,813,83,36.3,539,760,289,144,,35.4,356,35.4,535,121,356,0.21,313,116,32.9,42.6,38.9,352,15.1,444,7.25,334,4.23,266,1.46,196,-0.2,103,0.54,79.1,66.3,67.8,73,90.2,82,88.4,89.9,89.3,59.9,40,20,40,38,15,65,58,55,,0.78,0.5,0.71,3.58,4.44,4.43,3.42,4.39,,64.6,66.3,83.9,13.3,83,59.4,58.8,51.3,,22.4,57.7,68.7,42.9,84.2,59.4,42.6,64.2,,9376,16.6,737,159,56.6,47.5,80,41.5,61.1,60.8,63.8,47.7,100,6.6,1.92,60.8,45.1,,3.15,0,2.68,43.8,67,66,1.75,,0.67,19,23
03/08/16,13:45,252,-19,3003,434,478,52.78,54.21,53.14,56.7,-3.6,-3,2.23,98,100,100,98,-0.093,-0.097,-0.083,471,492,54.38,52.08,3.8,15.5,1.19,32.8,32.9,10.8,15.6,45,77,45.3,53.1,58.1,61.5,64.8,65.6,65.2,71.6,53,52.2,150,522,842,79,36.2,511,804,283,147,,35.6,345,35.6,496,124,345,0.21,302,112,34.6,42.5,39.8,339,15,403,7.26,301,4.24,236,1.47,168,-0.2,102,-0.54,79.7,70.8,67,75.1,90,80.8,89.9,90.2,88.2,60,40,18,60,120,10,60,60,50,,0.91,0.38,0.98,3.2,3.02,3.29,3.99,5.04,,64.7,81.9,78.7,25.7,86.4,38.2,63.8,51.5,,29.5,77.3,73.3,41.7,73.7,58.2,49.7,74.4,,9133,16.7,698,148,52.8,46.8,79.3,41.3,60.9,61,62.5,47,100,-6,1.95,59.6,44.8,,3.14,0,2.96,44.4,67,66,1.75,,0.67,60.16,29
06/07/16,11:55,250,3.47,3004,345.2,395,53.72,55.13,53.68,57.8,-4.1,-3,2.17,98,98,100,98,-0.082,-0.028,-0.058,482,516,54.82,52.75,3.6,15.25,1.2,33.6,34,11.5,15.5,47,74,45.4,53.1,58.3,61.6,64.8,65.7,65.2,71.1,52.4,52.1,149,537,825,85,36.3,533,780,287,146,,35.6,357,35.6,521,123,357,0.22,309,116,34.7,44.6,39.8,350,15.1,427,7.25,321,4.22,255,1.45,185,-0.2,101,-407,79.2,70.5,65.9,75,88.2,86,89.9,90.8,88.4,60.4,40,18,65,98,23,60,60,50,,1.01,0.42,1.06,3.26,3.36,3.73,4.03,4.64,,55.6,85.9,81.2,29.9,82.4,37.9,63.1,50,,27.1,78.7,76,42.2,64.3,58.3,48.5,70.1,,9528,16.5,764,161,55.5,46.2,79.6,41.1,60.3,60,64.2,47.5,100,-6.5,1.95,60.1,45.1,,3.22,0,2.86,44.5,66,67,1.75,,0.61,61.22,30
10/06/16,10:40,256,-11,3003,348,396,53.67,54.89,53.13,57.71,-4,-3.1,2.34,97,100,100,98,-0.073,-0.024,-0.053,484,516,54.62,52.31,3.75,15.75,1.16,34,34.4,11.7,15.6,46,75,45.4,53.3,58.6,61.9,65,65.9,65.5,71.2,53,53.2,150,533,831,81,36.8,521,796,286,147,,36,353,36,518,124,353,0.19,310,115,33.5,43.3,39.3,350,15.1,424,7.33,319,4.29,253,1.49,183,-0.2,101,-410,79.5,70.2,66.9,75.1,88.7,86,89.9,90.7,88,60.1,35,15,62,100,22,60,60,50,,1.13,0.48,1.23,3.01,3.01,3.15,4.11,4.98,,55.4,89.8,82.1,32.8,86.9,45.2,63.1,49.8,,27.2,81.2,77.1,46.6,66.9,60.4,48.1,74.6,,9361,16.5,722,150,53.2,50,79.4,39.9,60.5,60.3,62.3,46.2,100,-6,1.93,60.1,45.1,,3.32,0,2.61,44.4,66,67,1.75,,0.65,19,31
12/05/16,11:26,252,7.27,2998,346.2,398,54.36,55.38,54.26,57.43,-4.2,-3,2.16,98,100,100,98,-0.059,0,-0.056,484,515,55.92,52.4,4,15.5,1.18,33.9,34.2,11.7,15.7,45,72,45.3,53.4,53.4,58.4,62,64.7,65.8,65,70.9,53,147,533,817,80,36,524,783,284,144,,35.2,352,35.2,515,121,352,0.2,305,117,33.5,43,38.6,351,15,425,7.23,319,4.21,253,1.45,183,-0.2,101,-417,352,69.9,66.4,75.5,88.3,86.5,89.8,90.8,88.3,60.3,40,15,60,95,20,60,60,60,,1.03,0.38,1.24,2.78,3.62,3.82,3.86,4.64,,60.7,90.2,84.1,42.1,89.9,45.1,59.6,50,,29.6,82.9,78.9,51.2,69.7,59.5,44.6,69.4,,9422,16.7,768,160,54.6,48.7,78.9,40.9,60.5,59.5,64.6,472,100,-5.8,1.92,60.8,45,,3.28,0,2.64,44.4,66,67,1.75,,0.65,19,0
11/04/16,11:38,252,18.5,2997,457,516,52.77,53.84,53.75,56.68,-4.62,-3.22,2.2,98,100,100,98,-0.087,-0.038,-0.086,493,529,55.25,52.41,3.9,15.5,1.2,34.3,35.1,12,15.7,50,72,45.3,53.2,59.2,62.1,65.1,65.8,65.1,71,53,53.7,147,541,824,90,36.3,540,791,284,144,544,35.5,357,35.5,530,122,357,0.21,303,118,31.6,45.9,38.3,357,15,437,7.25,330,4.25,263,1.48,193,-0.2,103,-0.56,,69.8,66.2,76,88.1,86.1,89.7,90.4,88.5,60.1,35,15,60,82,38,60,60,50,,0.95,0.54,1.43,2.86,3.63,3.16,3.76,4.77,,60.5,89.8,80.4,40.7,91.7,52.7,59.4,51.2,,30.8,81.8,78.1,50.9,71.3,60.2,44.2,69.9,,9779,16.4,791,166,54.5,51.4,78.5,36.7,59.2,58,64.4,46.4,100,-5.2,1.96,61.3,44.8,,3.26,0.04,2.65,44.4,67,68,1.75,,0.65,19,
08/03/16,10:20,251,9.09,2996,338,394,49.75,49.82,50.68,52.73,-3.6,-2.9,2.43,98,98,100,97,-0.099,-0.071,-0.093,470,510,52.15,49.12,15.5,3.9,1.19,33.8,34.4,11.7,15.5,47,72,41.6,49.8,55.2,58.8,62.5,62.8,62.3,73.1,49.3,49.5,146,519,832,73,36.3,511,822,280,144,,35.5,341,35.5,513,121,341,0.19,300,114,28.7,42.8,38.3,336,14.8,418,7.12,314,4.15,247,1.43,177,-0.3,100,-418,338,69.9,65,75,84.4,86,89.9,90.5,88.8,59.8,39,15,70,96,20,59,55,50,,0.93,0.61,1.62,3.11,4.28,4.1,3.93,5.24,,60.6,86.5,77.5,41.1,95.8,50.5,66.3,53.6,,31,83.9,77.4,54,74.3,55.5,49.5,75.6,,9380,16.6,759,160,55.6,46.7,77.7,41,59.7,58.5,63.9,46.9,100,-4.8,1.92,60.7,45.2,,3.27,0.05,2.66,67.2,67,70,1.75,,0.68,19,
31/01/16,17:45,251,41.9,3009,434,503,50.72,51.68,51.69,55.07,-6.1,-3.2,2,98,98,98,43,-0.179,-0.117,-0.155,473,518,52.82,50.98,4,15.5,1.19,34.5,35.6,11.6,14.5,49,73,43.5,51.4,56.3,60.2,58.2,64.3,63.6,73.9,51.1,50.6,148,521,847,82,36.4,531,844,280,145,,35.6,341,35.6,520,123,341,0.22,377,120,28.2,42.8,38.5,336,14,414,7.22,339,4.11,253,1.39,183,-0.2,99,-0.62,337,67.1,62.7,72,85.7,84.1,88,88.8,86.4,57.2,35,18,65,40,25,60,55,48,,0.99,0.44,1.06,2.76,4.97,4.95,3.54,5.06,,60.8,84.5,83.9,41.9,88.4,44,66.2,51.9,,27.5,82.8,82.9,50.2,69.5,53,50.5,73.6,,9507,15.9,712,150,55.4,50.7,74.5,50.4,62.5,65.9,60.6,41,100,-5.8,2.11,60.1,45,,3.24,0.05,2.86,44.4,74,77,1.72,,0.67,9,
14/12/15,10:06,250,81,2994,376,493,51.62,53.35,51.32,53.09,-4.6,-3.2,1.67,100,100,98,97,-0.06,-0.021,-0.013,480,509,52.27,53.77,4,15.5,1.1,33.7,33.4,14.5,17.8,52,72,44.5,52.2,58,39.7,64.6,64.6,63.9,60,50.3,50.2,147,526,810,76,36.2,523,802,282,144,394,35.5,347,35.5,509,121,347,0.22,330,119,26.9,41.5,38.4,344,14.9,417,7.19,312,4.24,245,1.51,178,-0.1,101,-0.57,79,69.9,65.1,73.4,87.8,83.9,89.5,88.9,87.9,59.5,40,17,70,95,20,60,50,50,,0.81,0.7,1.33,3.73,5.3,4.72,3.58,5.74,,55.7,88.6,86.3,44.4,99.3,53.7,69.3,54.2,,27.1,82.5,86.2,49.8,79.1,51.2,44.1,81.8,,8829,16.5,665,138,53.8,57.5,77.2,41.8,60.6,60.7,61.7,46.1,100,-21,1.92,59.3,45,56.82,3.22,0.05,2.73,45.3,68,71,1.75,,0.68,19,
04/11/15,11:40,257,59.4,3004,380,497,52.77,54.81,52.39,54.69,-4.76,-3.07,1.59,100,100,100,98,-0.053,-0.001,-0.002,479,523,53.38,55.35,4,15.6,1.12,33.9,33.5,14.7,18,50,72,45.4,53.1,59.9,60.8,65.8,65.6,65.1,61.4,51.8,52.2,150,528,836,84,36.9,538,813,283,147,397,36.1,350,36.1,528,123,350,0.22,319,120,31.9,42.5,40,345,15.2,434,7.16,324,4.12,255,1.37,188,-0.2,100,-0.59,76.7,65.5,71.5,69.9,84.3,81.1,89.4,89.4,86.7,63.7,40,18,75,90,25,60,65,52,,0.81,0.54,1,2.69,3.43,3.14,3.83,4.64,,127,33.2,82.5,35.8,73.7,35.6,61.7,48.1,,74.2,39.9,74,41.9,55.8,54.2,43.9,23.3,,9174,16.5,689,147,54.1,43.5,79.5,41.5,60.7,61.9,63,46.9,100,-17,1.9,60.3,44.9,57.35,3.23,0.05,2.63,45.3,67,71,1.78,,0.69,19,
05/10/15,16:02,253,61.1,3001,380,511,53.47,55.4,53,55.22,-5.8,-3.1,1.55,100,100,98,100,-0.032,0.0153,0.0248,484,525,54.38,55.59,4.2,15.75,1.07,34,33.7,14.6,17.9,52,76,45.9,53.8,61.4,62.9,67.6,67.1,65.7,77.6,52.9,54.2,149,536,826,85,36.6,540,793,285,146,396,35.8,364,35.8,526,123,364,1.68,322,119,33.1,43.2,39.1,350,15.2,433,7.26,326,4.23,258,1.47,190,0.1,102,-0.594,78,66.1,74,70.4,84.9,80.3,89.8,89.9,87.6,63.8,42,20,70,89,23,60,62,50,,0.78,0.48,0.57,2.2,3.58,3.3,3.94,4.88,,140,32.6,90.1,37.1,71.6,36.1,62.6,48.7,,83.9,40.5,76.5,42.4,54.1,53.6,44.7,21.1,,9251,16.5,712,147,52.1,54.2,79.1,41.3,60,61.3,63.2,46.9,100,-15,1.92,60.6,45,57.7,3.21,0.05,2.64,45.3,71,70,1.78,,0.66,19,
08/09/15,12:43,250,84.7,2990,382,509,53.08,55.11,52.82,54.58,-4.4,-3,1.97,100,100,98,100,-0.051,0.0023,-0.002,484,527,54.22,55.74,4.2,15.6,1.08,34.2,34.1,14.7,17.8,52,76,45.7,52.8,60.1,60.8,65.7,65.6,65.1,76.7,51.7,51.6,146,534,812,86,36.1,542,794,284,144,395,35.2,352,35.2,529,120,352,0.22,327,118,33.6,43.5,38.5,351,15,437,7.24,328,4.25,261,1.49,192,0.12,102,-0.56,88.8,68.4,71.7,71.5,86.7,80.3,90.9,90.3,88.9,64.4,50,19,70,89,23,60,61,50,,0.73,0.43,0.73,2.33,3.47,3.33,3.98,5.05,,109,39.4,88.2,36.1,76.2,35.8,63.7,49.6,,56.8,45.8,74.5,41.5,56.2,56.2,45.9,16.1,,9379,16.5,739,154,53.6,54,78.3,41.3,59.7,60.3,63.9,47.2,100,-14,1.97,60.8,45.3,58.35,3.26,0.05,2.75,45.5,69,71,1.76,,0.69,19,
11/08/15,10:20,253,55.9,2993,383,512,53.25,55.38,53.3,55.08,-4.4,-3,1.98,100,100,98,100,-0.05,0,0.014,486,527,54.3,55.76,4.02,15.7,1.07,34.4,34.5,14.6,17.9,50,76,46.4,54.1,61,61.8,66.9,66.7,65.9,77.4,52.7,52.4,148,537,816,87,36.4,539,791,285,145,399,35.5,356,35.5,527,122,356,0.22,318,118,34.6,44.8,38.7,352,15,434,7.18,326,4.18,256,1.45,191,0.1,103,-0.56,101,67.6,71.3,70.3,85.2,80,90.3,90.2,87.8,64.1,40,19,70,88,22,60,62,50,,0.8,0.49,0.53,1.99,3.31,3.26,3.92,5.13,,101,44.7,96.5,35.4,73.1,37,62.6,52.9,,53.9,50.5,79.5,42.2,52.8,54.7,41.7,15.5,,9411,16,698,145,53.6,45.3,81.2,41.6,60.4,62.6,62.9,47.2,100,-16,1.93,60.6,45.3,58.3,3.42,0.05,2.75,45.4,67,71,1.78,,0.7,19,
08/07/15,11:30,250,76,2999,383,506,59.58,52.85,49.99,53.21,-4.5,-3.1,1.88,100,100,98,98,-0.043,-0.003,-0.001,487,524,49.58,52.26,4.02,15.7,1.1,34.1,34,14.7,18.1,51,76,44.5,52.4,59.1,60.2,65.3,65.1,64.4,75.9,50.4,50.6,148,537,812,95,36.3,535,797,287,145,478,35.6,357,35.6,527,122,357,0.22,322,117,32.2,47,39.1,363,15.1,435,7.26,326,4.23,252,1.48,190,0.1,102,-0.56,83.7,67.5,71.3,71.2,85.7,81,90.9,90.7,88.1,65,40,18,72,85,25,60,62,52,,0.71,0.39,0.73,2.53,3.11,2.99,3.78,4.92,,115,37.7,84.7,36.3,73.7,36,61.6,50.2,,62.5,43,73.4,41.6,53.5,53.7,42.8,13.6,,9470,16.2,728,154,55.2,53.9,78.3,40,58.7,59.8,62.5,46,100,-9.9,1.91,60.1,45,58.3,3.27,0.05,1.75,45.3,67,71,1.78,,0.7,19,
11/06/15,12:10,253,92.2,2999,346,465,53.21,55.43,53.06,54.62,-4.1,-2.9,2.13,100,100,98,100,-0.032,0.0177,0.0136,488,531,54.4,55.63,4,15.75,1.11,34.6,35,14.7,18.1,51,76,46.2,53.9,60.5,61.4,66.8,66.4,65.6,69.8,51.8,52.1,148,536,808,91,36.8,532,783,285,145,509,36,359,36,531,122,359,0.22,323,117,35.5,45.6,40.1,355,15.3,437,7.27,327,4.21,255,1.88,190,-0.1,102,-0.56,80,67.8,70.7,69.7,84.4,80,90,89.8,87.1,63.4,50,20,70,86,23,60,62,50,,0.66,0.35,0.79,2.61,2.95,2.84,3.89,4.59,,98.2,40,87.4,35.3,73.5,36.4,65,49.4,,52.6,45.9,75.5,41.6,53.5,54.4,46.5,23.5,,9418,16.3,749,158,55.8,54.2,80.4,42.2,61.1,48.3,65.5,48.3,100,-6.2,1.93,62.5,46.6,59.93,3.26,0.05,1.82,45.5,67,70,1.75,,0.7,19,
08/05/15,11:56,252,91.7,3000,389,515,52.35,54.49,51.77,54.55,-4.4,-3.1,1.94,100,100,98,100,-0.051,0.0073,0.0139,493,532,52.08,54.43,4,15.25,1.11,34.4,34.8,14.4,18.2,,,,,,,,,,,,,148,541,808,89,36.3,540,780,286,145,513,35.5,362,35.5,534,122,362,0.22,341,117,34.3,44.4,39.5,357,15,441,7.16,332,4.16,260,1.43,195,0.1,104,-0.52,92.9,67.1,73.1,71.2,85.1,83.4,90.7,90.8,88.2,,40,19,70,80,28,60,62,50,,0.8,0.48,1,2.57,3.01,2.7,4.04,4.87,,116,37.2,85,34.9,74.8,36.4,65.7,47.9,,65.9,40.7,71.7,42.7,52.4,54.7,46.4,22.6,,9541,16.4,757,161,55.4,51.1,79.9,41.8,60.4,61.1,64.9,47.6,100,21.2,1.95,61.8,46.3,59.66,3.19,0.05,1.85,45.3,67,70,1.8,,,,
10/04/15,12:32,251,79.6,2999,456,504,51.76,53.89,51.74,54.26,-4,-2.9,2.03,100,100,98,100,-0.048,-0.005,0.0119,481,519,52.23,54.25,4,15.5,1.12,34.2,34.2,14.5,17.9,,,,,,,,,,,,,149,529,819,94,36.6,525,788,285,146,488,35.9,352,35.9,522,122,352,0.22,349,118,30.9,45.6,40,349,15.2,429,7.23,322,4.2,254,1.43,186,0.06,102,-0.56,87.7,67.3,71.1,70.8,84.8,80.5,90.4,90.7,87.8,64.1,40,18,70,88,22,60,62,50,,1.01,0.53,0.45,2,3.8,3.42,3.99,5.01,,112,38.2,88.8,37.7,68.1,37.2,63.5,50.4,,65.2,43.7,73.4,42.4,49.6,52.9,45.7,24.1,,9294,16.4,732,155,55.5,54.3,78.2,41.3,60,60.3,63.6,46.9,100,20.3,1.94,60.6,44.7,57.5,3.21,0.05,1.88,45.3,66,69,1.78,,,,
19/03/15,10:35,250,51.9,2993,341.3,466,51.93,54.12,51.96,53.92,-4.7,-2.9,1.62,100,100,98,100,-0.05,0.0036,0.0131,480,520,52.77,54.64,4,15.5,1.12,33.8,33.4,14.6,17.9,,,,,,,,,,,,,148,527,816,87,36.5,524,783,288,145,474,35.8,351,35.8,521,122,351,0.22,350,121,30.2,44.6,39.8,349,15.2,431,7.24,324,4.22,256,1.47,189,0.07,103,-0.57,79.8,67.1,70.3,70.6,84.8,82.6,90.3,90.2,87.7,63.8,40,18,25,80,25,60,61,50,,0.7,0.43,0.93,2.64,3.13,2.53,3.85,4.41,,111,37.6,83.8,36.3,72.1,38.7,64.7,46.3,,60.6,42.8,73.1,41.6,52.5,55.3,45.5,21.6,,8959,16.5,682,141,52.5,52.1,77.2,40.6,60.5,60.2,61.5,46,100,20.2,1.91,59.5,44.7,56.5,3.24,0.05,1.89,45.6,67,71,1.76,,,,
20/02/15,11:30,250,81,3004,382,498,51.76,53.7,51.92,53.68,-4.66,-3.04,1.61,100,100,98,100,-0.07,-0.069,-0.021,484,523,52.14,53.89,4,15.5,1.11,33.9,33.8,14.7,18,,,,,,,,,,,,,147,534,814,93,36.1,524,784,285,144,473,35.3,356,35.3,528,121,356,0.22,350,114,29.6,45,39.3,352,14.9,434,7.06,326,4.11,260,1.4,191,0.84,102,-0.55,80.1,65.2,73.7,70.2,84.8,80.8,90.2,90.2,87.4,64.3,50,19,20,87,21,60,62,51,,0.77,0.45,0.66,2.09,2.94,2.82,3.87,4.39,,140,32.1,84,39,76.5,38.4,66.3,47.4,,85.9,37.9,73.8,44.4,56.5,56,46.1,20.9,,9857,15.8,745,160,56.4,60.4,78,53.3,62.7,66.3,62.9,43.7,100,20.2,1.92,61,45.3,59.09,3.44,0.05,1.92,45.4,66,70,1.8,,,,
14/11/14,11:27,259,61.2,3006,347.4,476,50.99,53.4,51.25,53.73,-5.7,-2.9,1.74,97,97,97,96,-0.079,-0.022,-0.012,486,535,52.62,53.21,3.9,15.4,1.21,34.31,34.48,17.89,14.45,,,,,,,,,,,,,147,537,800,73,36.6,540,778,286,144,512,35.8,360,35.8,538,121,360,0.22,351,130,27.7,40.8,39.8,357,15.2,444,7.36,335,4.36,266,1.56,196,0.89,104,-0.603,78.2,65.3,72,70.2,84.1,80,90.1,89.8,87.2,63.4,40,19,20,90,20,60,60,50,,0.87,0.44,0.43,1.97,3.76,3.17,3.77,4.72,,121,34.1,91.3,41.8,71.9,37.3,63.3,45.8,,78.6,42.4,75.7,46,53.3,55.6,46,22.3,,9194,16.7,711,150,54.6,55.1,77,45.2,62.3,63.6,63.3,44.9,100,20.2,1.94,60.4,45.1,58,3.4,0.05,2.71,45.3,70,70,1.8,,,,
08/10/14,11:45,255,65.3,2997,449,510,50.49,52.65,50.73,51.95,-4.9,-2.9,1.7,100,100,100,97,-0.052,-0.02,-0.006,480,522,52.05,51.96,3.9,15.4,1.21,34.2,34.2,14.1,18.1,,,,,,,,,,,,,149,531,825,89,36.8,531,779,285,148,532,36,351,36,522,123,351,0.22,202,113,31.7,44.8,39.3,347,15.3,429,7.27,322,4.26,254,1.48,184,0.84,102,-0.57,79.1,73.4,69.7,70.9,83,77.3,89.9,89.7,87.4,63.3,40,20,20,90,20,60,30,50,,0.92,0.56,0.38,2.11,4.53,4.23,3.76,5.07,,127,31,86.9,39.8,76.4,34.7,62.7,47,,91.7,35.6,72.3,46.4,58.6,53.8,45.7,16.8,,9187,16.6,711,148,53.5,48,77.6,40.3,59.7,60.3,62.6,46.1,100,20.3,1.97,60.2,45,57.2,3.4,0.05,2.73,45.3,67,72,1.77,,,,
08/09/14,11:40,252,95.1,3005,453,519,50.04,52.28,50.08,52.22,-4.9,-2.8,1.83,100,100,100,96,-0.051,-0.005,0.008,485,527,51.37,51.62,3.8,15.25,1.21,34.5,34.8,14.7,18.3,,,,,,,,,,,,,146,536,801,93,36.5,530,760,287,144,535,35.6,358,35.6,526,121,358,0.22,269,112,32.7,45.9,39.6,356,15.1,435,7.26,327,4.27,260,1.5,191,0.87,102,-0.548,106,72,67,70.6,83,81.3,89.7,89,87.1,63.1,43,18,30,80,25,60,35,50,,1.01,0.42,1.29,2.75,4.47,4.03,3.93,4.53,,72.5,53.6,90.7,41.5,83.7,40.2,66.1,44.4,,43.4,51.5,76.4,47.9,59.2,54.7,44.5,20.8,,9480,16.5,762,161,55.5,48.9,77.5,39.8,59.5,59.3,64,46.4,100,20.4,1.9,60.9,45,57.99,3.41,0.05,2.69,45.3,67,70,1.78,,,,
08/08/14,12:10,248,48.3,2998,454,517,49.51,52.05,50.02,52.09,-5.1,-2.8,1.77,100,100,100,96,-0.046,-0.01,0.009,484,531,51.29,51.54,3.85,15.48,1.2,34.6,34.9,14.2,18.1,,,,,,,,,,,,,147,533,788,90,35.7,553,744,289,140,496,34.9,358,34.9,536,118,358,0.22,306,115,32.2,45.4,38.6,345,14.7,443,7.02,333,4.1,265,1.4,195,0.82,103,-0.58,96.4,72.8,69,70.7,82.9,78.2,89.5,88.9,87.1,63.2,40,17,30,85,20,60,120,50,,0.84,0.29,1.05,3.11,4.3,3.93,3.78,4.54,,69.5,51,89.3,41.5,86.1,41.6,66.6,42.2,,43.1,51.6,76.6,48.2,61.2,54.7,44.6,15.7,,8994,16.2,671,140,53.3,44.2,76.6,40.6,59.2,60.1,61.2,46.2,100,20.3,1.93,59.4,44.7,56.33,3.4,0.05,2.72,45.3,67,70,1.78,,,,
07/07/14,11:58,254,50,3007,449,523,50,52.5,50.4,52.6,-5.1,-2.9,1.74,100,100,100,96,-0.065,-0.013,0.002,485,537,51.7,51.9,3.8,15.5,1.21,34.5,34.8,13.8,18,,,,,,,,,,,,,146,536,800,87,36.5,546,731,291,143,485,36.2,358,36.2,538,120,358,0.22,294,115,34.3,43.8,40.2,353,15.3,444,7.35,335,4.31,266,1.5,197,0.86,105,-0.57,80.4,72,69.2,70.5,82.8,80.6,89.6,88.7,87,63.3,50,15,32,80,35,60,10,50,,0.92,0.33,0.92,2.65,4.85,4.42,3.49,4.82,,70.6,49.3,90.4,40.6,82.7,37.7,62.2,44.1,,44.1,51.8,77.4,46.8,59.2,54,41.9,20.6,,9196,16.4,688,145,53.6,44.8,78.7,40.4,60.2,61.1,62,46.2,99.9,20.4,1.95,60.4,45.1,57.5,3.46,0.05,2.76,45.4,67,71,1.78,,,,
10/06/14,15:18,259,96.3,2976,,,,,,,,,,,,,92,,,,,,,,,,,,,,,,,,,,,,,,,,,,,,,,,,,,,,,,,,,,,,,,,,,,,,,,,,,,,,72.1,71.1,70.3,82.2,76.8,89.4,88.7,86.8,63.1,40,18,25,90,20,60,45,50,,0.96,0.36,0.44,2.01,4.69,4.35,3.57,4.93,,73.2,54.8,99.5,41.8,79.7,39.7,61.8,42.8,,43.5,53.3,78.2,48.4,57.4,55,42.5,22.4,,,,,,,,,,,,,,,,,,,,,,,,,,,,,,
09/06/14,12:00,240,68.6,2984,428,502,50.4,52.63,50.7,52.8,-4,-2.7,2.12,100,100,100,97,-0.097,-0.037,-0.015,466,507,50.89,52.32,3.8,15.1,1.21,33.9,33.5,13.7,17.8,,,,,,,,,,,,,146,517,822,73.1,34.4,529,787,280,144,471,33.6,335,33.6,506,120,335,0.2,255,112,35.1,43.7,37.3,332,14,409,6.53,305,3.75,239,1.2,170,0.73,97.7,-0.598,80,,,,,,,,,,,,,,,,,,,,,,,,,,,,,,,,,,,,,,,,,,,,,,8634,16.6,684,144,54,47.2,73.6,40.6,58.9,58.7,61.5,46.3,100,20.4,1.94,59,45.1,56,3.16,0.05,2.75,45.3,67,71,1.75,,,,
08/05/14,11:19,250,74.5,2997,440,515,50.56,52.87,51.02,53.39,-4.5,-2.9,1.94,98,100,100,97,-0.09,-0.03,-0.03,483,530,51.06,53.22,4,15.5,1.19,34.2,34.1,14.3,18.1,,,,,,,,,,,,,149,525,829,95,35.2,526,792,286,145,481,34.5,344,34.5,513,122,344,0.2,260,114,34.2,45.2,38.2,342,14.4,419,6.37,312,3.87,245,1.26,175,0.74,97.6,-0.62,77.6,70.9,72,70.4,83.1,82.6,88.9,89.1,86.7,63.4,40,29,18,75,29,60,43,50,,0.81,0.35,0.87,2.8,5.12,4.18,4.16,5.3,,78.9,53.6,91.6,42.7,84.1,39.9,67.5,40.8,,44.1,51.5,79.3,50.3,57.8,51.4,46.1,23,,8870,16.6,698,146,54.1,45.5,75.3,40.3,59.3,59.1,62.9,46.4,100,20.4,1.91,59.7,44.9,57.02,3.39,0.05,2.73,45.5,67,71.4,1.75,,,,
08/05/14,11:41,260,78.6,3006,,,,,,,,,,,,,98,,,,,,,,,,,,,,,,,,,,,,,,,,,149,512,843,52.5,36.3,495,808,282,147,472,36.5,328,36.5,509,123,328,0.19,252,111,29.5,40.1,38.4,325,14.8,414,6.96,309,4.03,242,1.32,173,0.76,99,-0.61,78.3,71.7,71.6,70.2,82.8,80.7,89.5,88.7,86.8,63.7,40,18,28,80,25,60,42,50,,0.86,0.33,0.93,2.78,5.05,4.12,4.05,4.7,,76.4,51.9,86.9,43.4,82.4,39.3,67.7,41.7,,43.5,49.9,75.8,50.2,58.3,52,46.4,23.5,,8949,16.4,702,145,52.5,50.3,73.9,54.4,64.1,66,62.5,43.8,87.7,20.4,1.9,60.5,44.7,56.4,3.4,0.05,2.74,45.3,67.5,71.8,1.75,,,,
10/04/14,12:05,250,72.6,3007,461,512,50.3,,,52,-4,-2.6,2.03,100,100,100,98,-0.077,-0.022,-0.016,,,,,4,15.5,1.2,33.9,33.5,14.5,17.6,,,,,,,,,,,,,629,630,631,632,633,634,635,636,637,638,639,642,639,640,641,642,643,644,645,646,647,648,649,650,651,652,653,654,655,656,657,658,659,660,661,70.7,71.5,70.4,83.7,82.2,89.7,89.5,87.2,63.3,40,19,27,79,25,60,45,50,,0.88,0.34,1.07,2.75,4.76,3.83,4.32,4.74,,77.7,57.4,94.7,45,82.3,40.8,69.1,44.7,,44.3,54,80.2,50.8,58.1,52.9,47.8,14.4,,59,60,61,62,63,64,65,66,67,68,69,70,71,72,73,74,75,76,77,78,79,80,81,696,82,83,1009,1017,1041
10/04/14,12:29,250,64.2,3000,,,,,,,,,,,,,100,,,,,,,,,,,,,,,,,,,,,,,,,,,,,,,,,,,,,,,,,,,,,,,,,,,,,,,,,,,,,,,,,,,,,,,,,,,,,,,,,,,,,,,,,,,,,,,,,,,,,,,,,,,,,,,,,,,,,,,,,,,,,,,,,,,,,,,
,,0,0,0,882,883,920,921,922,923,5,6,7,10,11,8,9,12,13,14,15,16,17,18,19,20,21,22,23,24,25,1007,1008,1015,1023,1024,1025,1026,1027,1028,1029,1030,1031,,,,,,,,,,,,,,,,,,,,,,,,,,,,,,,,,,,,,,,,,,,,,,,,,,,,,,,,,,,,,,,,,,,,,,,,,,,,,,,,,,,,,,,,,,,,,,,,,,,,,,,,,,,,,